date,item,type,level,grade,jouyou_index
2026-05-15 10:56:57.727307,高い,Vocab,N5,,
2026-05-15 10:58:31.461982,警官,Vocab,N5,,
2026-05-15 10:58:49.877465,戻る,Vocab,N4,,
2026-05-15 11:18:20.103995,コーヒー,Vocab,N5,,
2026-05-15 11:18:44.236635,建築,Vocab,N3,,
2026-05-15 11:19:54.749027,抜ける,Vocab,N3,,
2026-05-15 11:19:59.392393,歩く,Vocab,N5,,
2026-05-15 11:20:04.147983,腕,Vocab,N4,,
2026-05-15 11:20:19.214779,誤解,Vocab,N3,,
2026-05-15 11:20:23.135547,売る,Vocab,N5,,
2026-05-15 11:20:27.391697,池,Vocab,N5,,
2026-05-15 11:20:36.339154,機械,Vocab,N3,,
2026-05-15 11:20:46.080905,生まれ,Vocab,N3,,
2026-05-15 11:20:49.479563,円,Vocab,N3,,
2026-05-15 11:20:55.394419,細かい,Vocab,N4,,
2026-05-15 11:29:47.943829,朝御飯,Vocab,N5,,
2026-05-15 11:30:28.384368,働く,Vocab,N5,,
2026-05-15 11:30:38.462801,先月,Vocab,N5,,
2026-05-15 11:30:43.354259,カメラ,Vocab,N5,,
2026-05-15 11:30:48.420424,甘い,Vocab,N5,,
2026-05-15 11:30:52.524063,座る,Vocab,N5,,
2026-05-15 11:30:56.164719,今,Vocab,N5,,
2026-05-15 11:31:00.154357,町,Vocab,N5,,
2026-05-15 11:31:05.462613,七つ,Vocab,N5,,
2026-05-15 11:32:36.980623,高い,Vocab,N5,,
2026-05-15 11:32:41.943240,並ぶ,Vocab,N5,,
2026-05-15 11:32:55.465366,離婚,Vocab,N3,,
2026-05-15 11:32:59.395972,天気予報,Vocab,N4,,
2026-05-15 11:33:21.197363,駐車場,Vocab,N4,,
2026-05-15 12:11:10.822497,木,Kanji,N5,,
2026-05-15 12:15:16.314801,木,Kanji,N5,,
2026-05-15 12:16:03.683012,色,Kanji,N4,,
2026-05-15 12:16:07.314376,広,Kanji,N4,,
2026-05-15 12:18:18.304380,広,Kanji,N4,,
2026-05-15 12:19:07.306081,校,Kanji,N5,,
2026-05-15 12:19:13.259710,世,Kanji,N4,,
2026-05-15 12:19:18.344761,木,Kanji,N5,,
2026-05-15 12:21:53.496262,週,Kanji,N4,,
2026-05-15 12:21:59.421265,習,Kanji,N4,,
2026-05-15 12:22:03.282120,見,Kanji,N5,,
2026-05-15 12:22:07.307228,安,Kanji,N4,,
2026-05-15 12:22:10.909232,半,Kanji,N5,,
2026-05-15 12:22:14.998065,来,Kanji,N5,,
2026-05-15 12:22:18.989574,会,Kanji,N4,,
2026-05-15 12:22:27.935149,教,Kanji,N4,,
2026-05-15 12:22:32.138265,役,Kanji,N3,,
2026-05-15 12:22:35.865441,葉,Kanji,N3,,
2026-05-15 12:51:54.177317,人,Kanji,N5,,
2026-05-15 12:55:55.523344,欠,Kanji,N3,,
2026-05-15 12:56:04.821670,水,Kanji,N5,,
2026-05-15 12:56:13.484821,話,Kanji,N5,,
2026-05-15 13:00:43.863310,会,Kanji,N4,,
2026-05-15 13:00:48.227449,兄,Kanji,N4,,
2026-05-15 13:00:52.059090,分,Kanji,N5,,
2026-05-15 13:00:56.374373,歩,Kanji,N4,,
2026-05-15 13:01:00.755473,言,Kanji,N4,,
2026-05-15 14:25:36.948237,終,Vocab,N3,,
2026-05-15 14:25:44.493410,尊敬,Vocab,N3,,
2026-05-15 14:25:48.449405,見る,Vocab,N3,,
2026-05-15 14:25:53.155285,教える,Vocab,N5,,
2026-05-15 14:25:58.004256,機械,Vocab,N3,,
2026-05-15 14:26:04.750428,気に入る,Vocab,N3,,
2026-05-15 14:26:08.563864,外国,Vocab,N5,,
2026-05-15 14:26:11.832693,愛する,Vocab,N3,,
2026-05-15 14:26:15.386016,寺,Vocab,N4,,
2026-05-15 14:26:20.340370,祖母,Vocab,N4,,
2026-05-15 14:36:45.771838,会話,Vocab,N4,NA,
2026-05-15 14:36:49.870620,裏,Vocab,N4,NA,
2026-05-15 14:36:54.254390,移る,Vocab,N4,NA,
2026-05-15 14:36:59.552545,戻る,Vocab,N4,NA,
2026-05-15 14:37:02.956852,市,Vocab,N4,NA,
2026-05-15 14:37:09.978936,押し入れ,Vocab,N4,NA,
2026-05-15 14:37:20.653692,駐車場,Vocab,N4,NA,
2026-05-15 14:37:24.192969,天気予報,Vocab,N4,NA,
2026-05-15 14:37:29.262514,指,Vocab,N4,NA,
2026-05-15 14:37:33.786545,糸,Vocab,N4,NA,
2026-05-15 14:39:14.436218,玄関,Vocab,N5,NA,
2026-05-15 14:39:18.708556,はく,Vocab,N5,NA,
2026-05-15 14:39:22.273460,小さい,Vocab,N5,NA,
2026-05-15 14:40:24.531970,先月,Vocab,N5,NA,
2026-05-15 14:40:28.214342,口,Vocab,N5,NA,
2026-05-15 14:44:46.977234,六,Kanji,N5,Grade 1,
2026-05-15 14:44:50.348659,母,Kanji,N5,Grade 2,
2026-05-15 14:44:53.535259,校,Kanji,N5,Grade 1,
2026-05-15 14:44:56.607840,八,Kanji,N5,Grade 1,
2026-05-15 14:44:59.874824,三,Kanji,N5,Grade 1,
2026-05-15 15:02:16.118216,不,Kanji,N4,Grade 4,
2026-05-15 15:02:19.251331,職,Kanji,N3,Grade 5,
2026-05-15 15:02:22.335508,歩,Kanji,N4,Grade 2,
2026-05-15 15:02:25.334725,努,Kanji,N3,Grade 4,
2026-05-15 15:02:28.539292,先,Kanji,N5,Grade 1,
2026-05-15 15:02:31.388505,神,Kanji,N3,Grade 3,
2026-05-15 15:02:34.067500,十,Kanji,N5,Grade 1,
2026-05-15 15:02:37.056082,来,Kanji,N5,Grade 2,
2026-05-15 15:02:41.084439,月,Kanji,N5,Grade 1,
2026-05-15 15:02:44.884322,静,Kanji,N3,Grade 4,
2026-05-15 15:04:09.461388,静,Kanji,N3,Grade 4,
2026-05-15 15:04:12.914483,欠,Kanji,N3,Grade 4,
2026-05-15 15:04:16.784753,老,Kanji,N3,Grade 4,
2026-05-15 15:10:07.533694,大,Kanji,N5,Grade 1,
2026-05-15 19:05:18.003071,相,Kanji,N3 -- Grade 3,NA,
2026-05-15 19:05:24.607971,言,Kanji,N4 -- Grade 2,NA,
2026-05-15 19:05:47.348911,校,Kanji,N5 -- Grade 1,NA,
2026-05-16 09:05:23.417508,一,Kanji,N5 -- Grade 1,NA,
2026-05-16 09:11:55.601675,女,Kanji,N5 -- Grade 1,NA,
2026-05-16 09:23:36.095291,円,Kanji,N5 -- Grade 1,NA,
2026-05-16 09:28:57.749684,校,Kanji,N5 -- Grade 1,NA,
2026-05-16 09:30:22.335637,二,Kanji,N5 -- Grade 1,NA,
2026-05-16 09:31:11.511813,長,Kanji,N5 -- Grade 2,NA,
2026-05-16 09:33:52.385940,生,Kanji,N5 -- Grade 1,NA,
2026-05-16 09:34:17.796244,雨,Kanji,N5 -- Grade 1,NA,
2026-05-16 09:42:18.763273,聞,Kanji,N5 -- Grade 2,NA,
2026-05-16 09:53:57.187949,女,Kanji,N5 -- Grade 1,NA,
2026-05-16 10:00:56.540770,雨,Kanji,N5 -- Grade 1,NA,
2026-05-16 10:03:42.177063,天,Kanji,N5 -- Grade 1,NA,
2026-05-16 10:04:04.001244,落,Kanji,N3 -- Grade 3,NA,
2026-05-16 10:04:11.184335,車,Kanji,N5 -- Grade 1,NA,
2026-05-16 10:31:17.437501,後,Vocab,N5,NA,
2026-05-16 10:31:37.620949,今週,Vocab,N5,NA,
2026-05-16 10:31:42.150013,働く,Vocab,N5,NA,
2026-05-16 10:31:45.743230,店,Vocab,N5,NA,
2026-05-16 10:31:49.509281,並ぶ,Vocab,N5,NA,
2026-05-16 10:32:02.139186,次,Vocab,N5,NA,
2026-05-16 10:32:19.369782,写真,Vocab,N5,NA,
2026-05-16 10:32:28.716152,居る,Vocab,N5,NA,
2026-05-16 10:32:36.972867,泳ぐ,Vocab,N5,NA,
2026-05-16 10:33:55.253362,朝御飯,Vocab,N5,NA,
2026-05-16 10:40:23.764586,働く,Vocab,N5,NA,
2026-05-16 10:40:40.321912,居る,Vocab,N5,NA,
2026-05-16 10:40:50.911437,来,Kanji,N5 -- Grade 2,NA,
2026-05-17 08:57:57.506394,七つ,Vocab,N5,NA,
2026-05-17 08:58:26.851087,後,Kanji,N5 -- Grade 2,NA,
2026-05-17 08:58:51.840195,先月,Vocab,N5,NA,
2026-05-17 18:31:53.335606,たぶん,Vocab,N5,NA,
2026-05-17 18:32:02.835432,映画館,Vocab,N5,NA,
2026-05-17 18:32:15.415609,物,Vocab,N5,NA,
2026-05-17 18:32:19.427472,辺,Vocab,N5,NA,
2026-05-17 18:32:25.920131,つける,Vocab,N5,NA,
2026-05-17 18:32:32.316203,授業,Vocab,N5,NA,
2026-05-17 18:32:39.084256,階段,Vocab,N5,NA,
2026-05-17 18:32:44.164811,フォーク,Vocab,N5,NA,
2026-05-17 18:32:54.253320,新しい,Vocab,N5,NA,
2026-05-17 18:32:57.200177,足,Vocab,N5,NA,
2026-05-17 18:33:00.188879,広い,Vocab,N5,NA,
2026-05-17 18:51:10.964961,車,Kanji,N5 -- Grade 1,NA,
2026-05-17 18:51:24.817338,妹,Kanji,N4 -- Grade 2,NA,
2026-05-17 18:51:32.348598,院,Kanji,N4 -- Grade 3,NA,
2026-05-17 18:51:41.064469,家,Kanji,N4 -- Grade 2,NA,
2026-05-17 18:51:47.959121,考,Kanji,N4 -- Grade 2,NA,
2026-05-17 18:51:56.125431,紙,Kanji,N4 -- Grade 2,NA,
2026-05-17 18:52:00.607393,肉,Kanji,N4 -- Grade 2,NA,
2026-05-17 18:52:08.790321,以,Kanji,N4 -- Grade 4,NA,
2026-05-17 18:52:18.194303,口,Kanji,N4 -- Grade 1,NA,
2026-05-17 18:52:31.116327,通,Kanji,N4 -- Grade 2,NA,
2026-05-17 18:52:36.028097,町,Kanji,N4 -- Grade 1,NA,
2026-05-18 14:13:08.777051,パン,Vocab,N5,NA,
2026-05-18 14:13:50.777669,父,Kanji,N5 -- Grade 2,NA,
2026-05-18 16:01:14.640972,広い,Vocab,N5,NA,
2026-05-18 16:01:22.820376,タクシー,Vocab,N5,NA,
2026-05-18 16:01:25.706012,飲み物,Vocab,N5,NA,
2026-05-18 16:01:28.962522,もう,Vocab,N5,NA,
2026-05-18 16:01:33.691705,新しい,Vocab,N5,NA,
2026-05-18 16:01:36.174669,昼御飯,Vocab,N5,NA,
2026-05-18 16:03:43.296108,テレビ,Vocab,N5,NA,
2026-05-18 16:03:51.389094,四日,Vocab,N5,NA,
2026-05-18 16:03:57.658279,パン,Vocab,N5,NA,
2026-05-18 16:04:03.673229,並ぶ,Vocab,N5,NA,
2026-05-18 16:04:07.843490,郵便局,Vocab,N5,NA,
2026-05-18 16:08:15.529295,郵便局,Vocab,N5,NA,
2026-05-18 16:22:51.861887,便利,Vocab,N5,NA,
2026-05-18 16:35:29.276578,パン,Vocab,N5,NA,
2026-05-18 16:56:11.041770,交差点,Vocab,N5,NA,
2026-05-18 17:14:11.713106,交差点,Vocab,N5,NA,
2026-05-18 17:32:07.108134,肉,Vocab,N5,NA,
2026-05-19 16:13:11.627190,天,Kanji,N5 -- Grade 1,NA,
2026-05-19 16:13:16.944012,今,Kanji,N5 -- Grade 2,NA,
2026-05-19 16:13:20.812407,土,Kanji,N5 -- Grade 1,NA,
2026-05-19 16:13:24.276417,車,Kanji,N5 -- Grade 1,NA,
2026-05-19 16:13:27.344347,木,Kanji,N5 -- Grade 1,NA,
2026-05-19 16:13:31.961204,本,Kanji,N5 -- Grade 1,NA,
2026-05-19 16:13:37.532895,校,Kanji,N5 -- Grade 1,NA,
2026-05-19 16:13:41.444903,千,Kanji,N5 -- Grade 1,NA,
2026-05-19 16:13:46.546078,長,Kanji,N5 -- Grade 2,NA,
2026-05-19 16:13:50.454382,山,Kanji,N5 -- Grade 1,NA,
2026-05-19 16:17:41.261597,父,Kanji,N5,Grade 2,
2026-05-19 16:17:44.926686,外,Kanji,N5,Grade 2,
2026-05-19 16:17:48.292425,国,Kanji,N5,Grade 2,
2026-05-19 16:17:53.344649,弟,Kanji,N4,Grade 2,
2026-05-19 16:17:58.029467,親,Kanji,N4,Grade 2,
2026-05-19 16:58:16.199942,物質,Vocab,N3,NA,
2026-05-19 17:03:22.720137,険,Kanji,N3,Grade 5,
2026-05-19 17:05:23.586466,被害,Vocab,N3,NA,
2026-05-19 17:11:12.732969,大切,Vocab,N5,NA,
2026-05-19 17:13:03.643243,月,Kanji,N5,Grade 1,
2026-05-19 17:24:02.876489,年,Kanji,N5,Grade 1,
2026-05-20 12:03:17.243667,山,Vocab,N5,NA,
2026-05-20 12:11:25.998726,四,Kanji,N5,Grade 1,
2026-05-20 12:19:38.711820,あれ,Vocab,N5,NA,
2026-05-20 12:22:10.934522,名,Kanji,N5,Grade 1,
2026-05-20 12:35:19.072022,日,Kanji,N5,Grade 1,
2026-05-20 12:46:20.714054,並ぶ,Vocab,N5,NA,
2026-05-20 12:56:38.157207,三,Kanji,N5,Grade 1,
2026-05-20 12:56:42.211291,土,Kanji,N5,Grade 1,
2026-05-20 12:56:46.797189,山,Kanji,N5,Grade 1,
2026-05-20 12:56:50.762954,年,Kanji,N5,Grade 1,
2026-05-20 12:56:55.563552,大,Kanji,N5,Grade 1,
2026-05-20 12:56:59.514375,中,Kanji,N5,Grade 1,
2026-05-20 12:57:04.270416,車,Kanji,N5,Grade 1,
2026-05-20 12:57:09.697997,雨,Kanji,N5,Grade 1,
2026-05-20 12:57:13.916669,友,Kanji,N5,Grade 2,
2026-05-20 12:57:17.562090,長,Kanji,N5,Grade 2,
2026-05-20 13:07:08.226164,反対,Vocab,N4,NA,
2026-05-20 13:07:16.883711,パソコン,Vocab,N4,NA,
2026-05-20 13:07:20.545534,怖い,Vocab,N4,NA,
2026-05-20 13:16:56.317577,右,Kanji,N5,Grade 1,
2026-05-20 13:25:16.977759,いいえ,Vocab,N5,NA,
2026-05-20 13:30:20.096786,南,Kanji,N5,Grade 2,
2026-05-20 13:53:15.284012,下,Kanji,N5,Grade 1,
2026-05-20 14:18:06.785681,古い,Vocab,N5,NA,
2026-05-20 14:26:17.050999,食,Kanji,N5,Grade 2,
2026-05-21 12:23:28.395787,駅,Kanji,N4,Grade 3,
2026-05-21 12:24:59.541435,黒,Kanji,N4,Grade 2,
2026-05-21 12:25:05.409986,医,Kanji,N4,Grade 3,
2026-05-21 12:27:22.700291,気,Kanji,N5,Grade 1,
2026-05-21 16:44:04.859542,緑,Vocab,N5,NA,
2026-05-21 17:25:38.296276,中,Kanji,N5,Grade 1,
2026-05-21 18:24:30.711268,妹,Vocab,N5,NA,
2026-05-22 18:53:31.591109,帰る,Vocab,N5,NA,
2026-05-22 18:57:44.502703,いいえ,Vocab,N5,NA,
2026-05-22 20:17:10.934090,大切,Vocab,N5,NA,
2026-05-22 20:17:50.727155,さあ,Vocab,N5,NA,
2026-05-22 20:37:00.865952,立,Kanji,N4,Grade 1,
2026-05-22 20:37:30.554318,立,Kanji,N4,Grade 1,
2026-05-22 20:37:31.413945,立,Kanji,N4,Grade 1,
2026-05-22 20:37:32.818423,立,Kanji,N4,Grade 1,
2026-05-22 20:38:03.667303,お金,Vocab,N5,NA,
2026-05-22 20:38:16.116861,電,Kanji,N5,Grade 2,
2026-05-22 20:39:55.853575,円,Kanji,N5,Grade 1,
2026-05-24 09:43:06.221598,ペット,Vocab,N5,NA,
2026-05-24 09:43:22.316594,月,Kanji,N5,Grade 1,
2026-05-24 12:22:34.998048,四,Kanji,N5,Grade 1,767.0
2026-05-24 15:56:08.122101,海,Vocab,N5,,
2026-05-24 15:56:38.382424,時,Kanji,N5,Grade 2,818.0
2026-05-24 16:29:27.776240,政,Kanji,N3,Grade 5,1117.0
2026-05-24 16:29:40.926288,報,Kanji,N3,Grade 5,1846.0
2026-05-26 15:22:15.624184,食べる,Vocab,N5,,
2026-05-26 15:22:37.042650,国,Kanji,N5,Grade 2,661.0
2026-05-26 16:06:07.663467,木曜日,Vocab,N5,,
2026-05-26 16:06:23.333991,書,Kanji,N5,Grade 2,946.0
2026-06-05 11:35:43.226765,曇り,Vocab,N5,,
2026-06-05 11:36:40.627172,大,Kanji,N5,Grade 1,1312.0
2026-06-05 13:03:07.361693,映画,Vocab,N5,,
2026-06-05 13:03:07.791402,映画,Vocab,N5,,
2026-06-05 13:08:12.847222,食べる,Vocab,N5,,
2026-06-05 13:12:51.553420,使う,Vocab,N5,,
2026-06-05 13:13:33.030733,誕生日,Vocab,N5,,
2026-06-05 13:13:47.568250,校,Kanji,N5,Grade 1,623.0
2026-06-05 13:26:55.568771,海,Vocab,N5,,
2026-06-05 13:27:11.715042,中,Kanji,N5,Grade 1,1376.0
2026-06-05 13:43:40.077738,フォーク,Vocab,N5,,
2026-06-05 13:44:00.104881,金,Kanji,N5,Grade 1,432.0
2026-06-05 14:03:09.070008,絵,Vocab,N5,,
2026-06-05 14:03:12.525927,部屋,Vocab,N5,,
2026-06-05 14:03:15.828022,廊下,Vocab,N5,,
2026-06-05 14:03:19.826143,卵,Vocab,N5,,
2026-06-05 14:03:24.125037,大丈夫,Vocab,N5,,
2026-06-05 14:04:59.074265,下,Kanji,N5,Grade 1,131.0
2026-06-05 14:05:03.055656,書,Kanji,N5,Grade 2,946.0
2026-06-05 14:05:06.977059,千,Kanji,N5,Grade 1,1166.0
2026-06-05 14:05:11.442058,西,Kanji,N5,Grade 2,1109.0
2026-06-05 14:05:17.507383,何,Kanji,N5,Grade 2,137.0
2026-06-05 17:49:31.850411,失敗,Vocab,N4,,
2026-06-05 17:50:56.720806,来,Kanji,N5,Grade 2,2022.0
2026-06-05 18:53:20.080502,火曜日,Vocab,N5,,
2026-06-05 18:53:34.863570,六,Kanji,N5,Grade 1,2125.0
2026-06-06 10:59:03.710963,若い,Vocab,N5,,
2026-06-06 11:03:17.825215,年,Kanji,N5,Grade 1,1593.0
2026-06-06 12:42:02.523948,曇り,Vocab,N5,,
2026-06-06 12:42:05.990957,大丈夫,Vocab,N5,,
2026-06-06 12:42:09.057384,多い,Vocab,N5,,
2026-06-06 12:42:12.825607,四つ,Vocab,N5,,
2026-06-06 12:42:16.396936,白い,Vocab,N5,,
2026-06-06 12:45:46.396176,着る,Vocab,N5,,
2026-06-06 12:45:50.495661,軽い,Vocab,N5,,
2026-06-06 12:45:53.893282,郵便局,Vocab,N5,,
2026-06-06 12:45:57.231042,多い,Vocab,N5,,
2026-06-06 12:46:00.861034,道,Vocab,N5,,
2026-06-06 12:46:16.964336,見,Kanji,N5,Grade 1,516.0
2026-06-06 12:46:57.867655,四,Kanji,N5,Grade 1,767.0
2026-06-06 12:47:14.924782,来,Kanji,N5,Grade 2,2022.0
2026-06-06 12:47:40.599910,四,Kanji,N5,Grade 1,767.0
2026-06-06 12:47:43.945124,川,Kanji,N5,Grade 1,1167.0
2026-06-06 12:47:48.232349,日,Kanji,N5,Grade 1,1583.0
2026-06-06 12:47:56.945337,入,Kanji,N5,Grade 1,1584.0
2026-06-06 12:48:02.376623,父,Kanji,N5,Grade 2,1738.0
2026-06-06 17:22:23.536035,夕飯,Vocab,N5,,
2026-06-06 17:22:42.120920,金,Kanji,N5,Grade 1,432.0
2026-06-09 14:49:05.543287,半,Vocab,N5,,
2026-06-09 14:49:41.716582,便利,Vocab,N5,,
2026-06-09 14:51:11.710030,古い,Vocab,N5,,
2026-06-09 15:04:26.661898,四,Kanji,N5,Grade 1,767.0
2026-06-09 15:04:41.854148,東,Kanji,N5,Grade 2,1504.0
2026-06-09 15:05:01.021901,後,Kanji,N5,Grade 2,580.0
2026-06-09 16:41:32.762355,外国,Vocab,N5,,
2026-06-09 16:41:52.891077,喫茶店,Vocab,N5,,
2026-06-09 16:42:01.917977,習う,Vocab,N5,,
2026-06-09 16:42:09.041444,吹く,Vocab,N5,,
2026-06-09 16:42:12.668351,前,Vocab,N5,,
2026-06-09 16:45:14.877983,南,Kanji,N5,Grade 2,1574.0
2026-06-09 16:45:19.656979,白,Kanji,N5,Grade 1,1630.0
2026-06-09 16:45:25.187181,友,Kanji,N5,Grade 2,1971.0
2026-06-09 16:45:31.112038,七,Kanji,N5,Grade 1,829.0
2026-06-09 16:45:36.401241,雨,Kanji,N5,Grade 1,61.0
2026-06-12 12:20:16.485548,おばあさん,Vocab,N5,,
2026-06-12 12:21:06.387561,山,Kanji,N5,Grade 1,745.0
2026-06-12 15:09:31.027854,皆さん,Vocab,N5,,
2026-06-12 15:11:20.898736,行,Kanji,N5,Grade 2,603.0
2026-06-12 16:42:52.834908,ポケット,Vocab,N5,,
2026-06-12 16:43:44.934815,毎,Kanji,N5,Grade 2,1895.0
2026-09-20 17:44:02.162046,授業,Vocab,N5,,
2026-09-22 11:34:37.885948,雨,Vocab,N5,,
2026-09-22 11:34:49.562146,家族,Vocab,N5,,
2026-09-22 11:34:54.154781,八つ,Vocab,N5,,
2026-09-22 11:34:58.919836,所,Vocab,N5,,
2026-09-22 11:35:03.890198,スプーン,Vocab,N5,,
2026-09-22 19:47:22.396475,甘い,Vocab,N5,,
2026-09-22 19:47:54.256763,金,Kanji,N5,Grade 1,432.0
2026-09-23 12:10:48.286758,曇り,Vocab,N5,,
2026-09-23 12:12:21.509901,安い,Vocab,N5,,
2026-09-23 12:13:22.518542,大使館,Vocab,N5,,
2026-09-23 12:14:29.334538,長,Kanji,N5,Grade 2,1397.0
2026-09-23 12:19:33.127143,万,Kanji,N5,Grade 2,1906.0
2026-09-23 12:19:37.625202,五,Kanji,N5,Grade 1,576.0
2026-09-23 12:19:45.139621,小,Kanji,N5,Grade 1,959.0
2026-09-23 12:20:14.313212,半,Kanji,N5,Grade 2,1656.0
