category,cat_kana,saying,kana,translation,meaning,english equivalent
四字熟語,よじじゅくご,一石二鳥,いっせきにちょう,"one stone, two birds",to accomplish two things with one action,to kill two birds with one stone
四字熟語,よじじゅくご,三日坊主,みっかぼうず,a monk for three days,"someone who gives up quickly, at the first sign of difficulty",
四字熟語,よじじゅくご,十人十色,じゅうにんといろ,"ten people, ten colors","everyone has different tastes, personalities, or opinions",
四字熟語,よじじゅくご,七転八起,ななころやお,"fall seven times, stand up eight",to persist despite repeated failures,
言い習わし,いいならわし,口が軽い,くちがかるい,to have a light mouth,to be unable to keep a secret,
言い習わし,いいならわし,月とすっぽん,つきとスッポン,the moon and the turtle,"despite the roundness of the turtle and moon, they are incomparable in every other way",to compare apples and oranges
言い習わし,いいならわし,猿も木から落ちる,さるもきからおちる,even monkeys fall from trees,even skilled experts can make a mistake,nobody’s perfect
言い習わし,いいならわし,猫に小判,ねこにこばん,gold coins to a cat,to waste things on those who are incapable of appreciating them,to cast pearl before swine
言い習わし,いいならわし,花より団子,はなよりだんご,dumplings over flowers,to favour substance over aesthetics,
慣用句,かんようく,井の中の蛙大海を知らず ,いのなかのかえるたいかいをしらず ,A frog in a well doesn’t know the ocean.,people who don’t expose themselves to a variety of experiences have a narrow world view,
四字熟語,よじじゅくご,異口同音,,"different mouths, same sound",Everyone saying the same thing; unanimous agreement.,
四字熟語,よじじゅくご,温故知新,,"learn the old, know the new",studyiong the past helps us understand the present,
四字熟語,よじじゅくご,自業自得,,"one’s own actions, one’s own result",You bring the consequences upon yourself; you reap what you sow.,
四字熟語,よじじゅくご,起死回生,,Wake the dead and return to life,A dramatic comeback or recovery from a desperate situation.,
四字熟語,よじじゅくご,電光石火,,Lightning and sparks,Extremely fast; something done with lightning speed.,
四字熟語,よじじゅくご,以心伝心,,From one heart to another,Understanding each other without speaking; communicating through mutual understanding.,
四字熟語,よじじゅくご,臨機応変,,Adapt to the situation,Being flexible and responding appropriately to changing circumstances.,
四字熟語,よじじゅくご,因果応報,,,"You reap what you sow, or karma.","what goes around, comes around / to reap what you sow"
四字熟語,よじじゅくご,一期一会,,"One lifetime, one meeting","Enjoy every encounter to the fullest, because it may never happen again.",a once in a lifetime encounter
四字熟語,よじじゅくご,一進一退,,"One step forward, one step back",A situation that alternates between progress and setbacks.,
四字熟語,よじじゅくご,酔生夢死,,"Drunken life, dreamlike death","Living aimlessly without purpose, as if drunk or dreaming.",
四字熟語,よじじゅくご,花鳥風月,,The traditional themes of natural beauty in Japanese aesthetics,Artistic pursuits involving nature themes,
四字熟語,よじじゅくご,一日一歩,,"One day, one step",Progress happens little by little; moving forward slowly but surely.,
四字熟語,よじじゅくご,自業自得,,"One’s act, one’s profit","You had it coming, or you reap what you sow",
言い習わし,いいならわし,明日は明日の風が吹く,,The winds of tomorrow will blow tomorrow,Do not be worried about your bad situation because things change over time,
言い習わし,いいならわし,七転び八起き,,Fall down seven times but get up eight times,"If at first you don’t succeed, try and try again / Don’t give up",
言い習わし,いいならわし,口は災いの元,,The mouth is the origin of disasters.,"Careless remarks will invite trouble for yourself, so watch your mouth.",
言い習わし,いいならわし,灯台下暗し,,The darkness at the foot of the light fixture / lighthouse,It’s hard to see what is under your nose.,
四字熟語,よじじゅくご,花鳥風月,,"Flower, Bird, Wind, Moon.","Experience the beauties of nature, and in doing so learn about yourself/Someone who gives up quickly or quits at the first sign of difficulty.",
言い習わし,いいならわし,千里の道も一歩から,,A journey of a thousand miles begins with a single step.,It takes a series of steps to achieve success,
四字熟語,よじじゅくご,水に流す,,The water flows.,Forgive and forget,
言い習わし,いいならわし, 出る杭は打たれる,,The nail that sticks out gets hammered down.,People who stick out too much get punished,
言い習わし,いいならわし,馬の耳に念仏,,Preaching to a horse’s ear,Giving advice or convincing someone who doesn’t listen or understand is futile,
言い習わし,いいならわし,油を売る,,To sell oil,"To mess about, to waste time",
