sentence,kana,meaning,notes
これは日本語で何と言いますか。,これはにほんごでなんといいますか。,What do you call this in Japanese?,
英語で何と言いますか。,えいごでなんといいますか。,How do you say this in English?,
これは何と読みますか。,これはなんとよみますか。,How do you read this?,
もう一度お願いします。ゆっくりお願いします。,もういちどおねがいします。ゆっくりおねがいします。,One more time please. Slow please.,
もう⼀回、ゆっくり⾔ってください。,もういっかい、ゆっくり いって ください。,One more time please. Slow please.,
わかりません。もう一度お願いします。,わかりません。もういちどおねがいします。,I don't understand. Could you say that again?,
英語を話せますか。,えいごをはなせますか。,Can you speak English?,
どこから来ましたか。,どこからきましたか。,Where do you come from?,
お勘定をお願いします。,おかんじょうをおねがいします。,Can I have the bill please?,
