id,kanji,JLPT_level,jouyou_index,kyouiku_grade,in_prefectures,strokes,stroke_order_url,rad_num,rad_glyph,onyomi,kunyomi,romaji_on,romaji_kun,meaning,rank,easiness,interval,repetition,next_review,smart_composites
6960bcfb-4e19-4dce-bac4-8080c474372c,差,N3,688,Grade 4,0,10,https://raw.githubusercontent.com/KanjiVG/kanjivg/master/kanji/05dee.svg,48,⼯,サ,"さ.す, さ.し",sa,"sa.su, sa.shi","distinction, difference, variation",481,2.5,0,0,09/06/2026,"[{""word"": ""差"", ""kana"": ""さ"", ""definition"": ""difference, variation, difference"", ""level"": ""N3""}, {""word"": ""差し上げる"", ""kana"": ""さしあげる"", ""definition"": ""to give, to offer, to lift up"", ""level"": ""N4""}, {""word"": ""交差点"", ""kana"": ""こうさてん"", ""definition"": ""crossing, intersection"", ""level"": ""N5""}]"
b807319a-a22a-455b-93a1-fb3d69f0907e,両,N3,2061,Grade 3,0,6,https://raw.githubusercontent.com/KanjiVG/kanjivg/master/kanji/04e21.svg,1,⼀,リョウ,"てる, ふたつ",ryou,"teru, futatsu","both, old Japanese coin, counter for carriages (e.g., in a train)",235,2.5,0,0,09/06/2026,"[{""word"": ""両替"", ""kana"": ""りょうがえ"", ""definition"": ""change, money exchange"", ""level"": ""N3""}, {""word"": ""両方"", ""kana"": ""りょうほう"", ""definition"": ""both, both sides, both parties"", ""level"": ""N4""}, {""word"": ""両親"", ""kana"": ""りょうしん"", ""definition"": ""parents, both parents"", ""level"": ""N5""}]"
26c3dc1a-e77f-4d84-929b-a89aef134b43,想,N3,1243,Grade 3,0,13,https://raw.githubusercontent.com/KanjiVG/kanjivg/master/kanji/060f3.svg,61,⼼,"ソウ, ソ",おも.う,"sou, so",omo.u,"concept, think, idea",531,2.5,0,0,09/06/2026,"[{""word"": ""思想"", ""kana"": ""しそう"", ""definition"": ""thought, idea, ideology"", ""level"": ""N3""}]"
c384cf2f-9872-48e7-8a6d-9c83d2142c7d,球,N3,377,Grade 3,0,11,https://raw.githubusercontent.com/KanjiVG/kanjivg/master/kanji/07403.svg,96,⽟,キュウ,たま,kyuu,tama,"ball, sphere, balle",114,2.5,0,0,09/06/2026,"[{""word"": ""地球"", ""kana"": ""ちきゅう"", ""definition"": ""Earth, the globe"", ""level"": ""N3""}]"
a9983773-51ea-445e-8d2a-b03a98b9c07d,追,N3,1427,Grade 3,0,9,https://raw.githubusercontent.com/KanjiVG/kanjivg/master/kanji/08ffd.svg,162,⾡,ツイ,お.う,tsui,o.u,"chase, drive away, follow",397,2.5,0,0,09/06/2026,"[{""word"": ""追い付く"", ""kana"": ""おいつく"", ""definition"": ""to catch up (with), to draw level, to pull even"", ""level"": ""N3""}]"
9c5dad9f-fac9-4ef3-90d8-6aeb16310873,吹,N3,1082,High School,0,7,https://raw.githubusercontent.com/KanjiVG/kanjivg/master/kanji/05439.svg,30,⼝,スイ,ふ.く,sui,fu.ku,"blow, breathe, puff",727,2.5,0,0,09/06/2026,"[{""word"": ""吹く"", ""kana"": ""ふく"", ""definition"": ""to blow (of the wind), to blow (one's breath), to breathe out"", ""level"": ""N5""}]"
75e123c8-44ae-457f-89d8-aa0dcb882d41,御,N3,392,High School,0,12,https://raw.githubusercontent.com/KanjiVG/kanjivg/master/kanji/05fa1.svg,60,⼻,"ギョ, ゴ","おん-, お-, み-","gyo, go","on-, o-, mi-","honorable, manipulate, govern",708,2.5,0,0,09/06/2026,"[{""word"": ""御主人"", ""kana"": ""ごしゅじん"", ""definition"": ""your husband, her husband"", ""level"": ""N4""}, {""word"": ""御飯"", ""kana"": ""ごはん"", ""definition"": ""cooked rice, meal"", ""level"": ""N5""}]"
88ac76f4-d2bd-442d-99b4-41d91ff1b127,現,N3,552,Grade 5,0,11,https://raw.githubusercontent.com/KanjiVG/kanjivg/master/kanji/073fe.svg,96,⽟,ゲン,"あらわ.れる, あらわ.す, うつつ, うつ.つ",gen,"arawa.reru, arawa.su, utsutsu, utsu.tsu","present, existing, actual",85,2.5,0,0,09/06/2026,"[{""word"": ""実現"", ""kana"": ""じつげん"", ""definition"": ""implementation (e.g. of a system), materialization, materialisation"", ""level"": ""N3""}]"
25ba5a25-34ef-4f54-8a92-3cc947d97032,殺,N3,738,Grade 5,0,10,https://raw.githubusercontent.com/KanjiVG/kanjivg/master/kanji/06bba.svg,79,⽎,"サツ, サイ, セツ","ころ.す, -ごろ.し, そ.ぐ","satsu, sai, setsu","koro.su, -goro.shi, so.gu","kill, murder, butcher",234,2.5,0,0,09/06/2026,"[{""word"": ""殺す"", ""kana"": ""ころす"", ""definition"": ""to kill, to slay, to murder"", ""level"": ""N3""}]"
ed0069fe-673e-4067-9b38-8cd397faf156,靴,N3,157,High School,0,13,https://raw.githubusercontent.com/KanjiVG/kanjivg/master/kanji/09774.svg,177,⾰,カ,くつ,ka,kutsu,"shoes, chaussure, zapatos",810,2.5,0,0,09/06/2026,"[{""word"": ""靴"", ""kana"": ""くつ"", ""definition"": ""shoe, shoes, boots"", ""level"": ""N5""}]"
722af016-5591-4a84-b0e5-f09d9811bb31,誤,N3,585,Grade 6,0,14,https://raw.githubusercontent.com/KanjiVG/kanjivg/master/kanji/08aa4.svg,149,⾔,ゴ,"あやま.る, -あやま.る",go,"ayama.ru, -ayama.ru","mistake, err, do wrong",622,2.5,0,0,09/06/2026,"[{""word"": ""誤り"", ""kana"": ""あやまり"", ""definition"": ""error, mistake, slip"", ""level"": ""N3""}]"
c6a9dd31-ca7b-4499-a6f3-aee950ba9337,馬,N3,1609,Grade 2,1,10,https://raw.githubusercontent.com/KanjiVG/kanjivg/master/kanji/099ac.svg,187,⾺,バ,"うま, うま-, ま",ba,"uma, uma-, ma","horse, cheval, caballo",98,2.5,0,0,09/06/2026,"[{""word"": ""馬"", ""kana"": ""うま"", ""definition"": ""horse, horse racing, promoted bishop"", ""level"": ""N3""}]"
1f1cd86d-8b6d-4d9a-ba79-78a9aa817809,背,N3,1614,Grade 6,0,9,https://raw.githubusercontent.com/KanjiVG/kanjivg/master/kanji/080cc.svg,130,⾁,ハイ,"せ, せい, そむ.く, そむ.ける",hai,"se, sei, somu.ku, somu.keru","stature, height, back",695,2.5,0,0,09/06/2026,"[{""word"": ""背"", ""kana"": ""せい"", ""definition"": ""height, stature"", ""level"": ""N3""}, {""word"": ""背中"", ""kana"": ""せなか"", ""definition"": ""back (of body)"", ""level"": ""N4""}, {""word"": ""背広"", ""kana"": ""せびろ"", ""definition"": ""business suit"", ""level"": ""N5""}]"
5bb6604f-2965-4b80-8d8e-c3b2d9cc8d53,引,N3,46,Grade 2,0,4,https://raw.githubusercontent.com/KanjiVG/kanjivg/master/kanji/05f15.svg,57,⼸,イン,"ひ.く, ひ.ける",in,"hi.ku, hi.keru","pull, tug, jerk",221,2.5,0,0,09/06/2026,"[{""word"": ""引っ張る"", ""kana"": ""ひっぱる"", ""definition"": ""to pull, to draw, to pull tight"", ""level"": ""N3""}, {""word"": ""引き出し"", ""kana"": ""ひきだし"", ""definition"": ""drawer, withdrawal (of money from an account), variety of knowledge and experience useful for handling things impromptu"", ""level"": ""N4""}, {""word"": ""字引"", ""kana"": ""じびき"", ""definition"": ""dictionary"", ""level"": ""N5""}]"
2276676c-1d3a-4656-90d7-cfa2c576d92b,念,N3,1594,Grade 4,0,8,https://raw.githubusercontent.com/KanjiVG/kanjivg/master/kanji/05ff5.svg,61,⼼,ネン,,nen,,"wish, sense, idea",373,2.5,0,0,09/06/2026,"[{""word"": ""記念"", ""kana"": ""きねん"", ""definition"": ""commemoration, celebration, honoring the memory of something"", ""level"": ""N3""}, {""word"": ""残念"", ""kana"": ""ざんねん"", ""definition"": ""deplorable, regrettable, disappointing"", ""level"": ""N4""}]"
8e3ed00f-a12b-45c7-a6c0-8686b8262675,煙,N3,96,High School,0,13,https://raw.githubusercontent.com/KanjiVG/kanjivg/master/kanji/07159.svg,86,⽕,エン,"けむ.る, けむり, けむ.い",en,"kemu.ru, kemuri, kemu.i","smoke, fumée, humo",713,2.5,0,0,09/06/2026,"[{""word"": ""煙"", ""kana"": ""けむり"", ""definition"": ""smoke, fumes"", ""level"": ""N3""}]"
dc20bb1b-dbed-4f18-8e9e-f2befdcedcbb,相,N3,1223,Grade 3,0,9,https://raw.githubusercontent.com/KanjiVG/kanjivg/master/kanji/076f8.svg,109,⽬,"ソウ, ショウ",あい-,"sou, shou",ai-,"inter-, mutual, together",103,2.5,0,0,09/06/2026,"[{""word"": ""相当"", ""kana"": ""そうとう"", ""definition"": ""corresponding to (in meaning, function, etc.), being equivalent to, appropriate"", ""level"": ""N3""}]"
c7c5af1a-99c4-4be9-a4c5-aa15649e0cae,任,N3,1587,Grade 5,0,6,https://raw.githubusercontent.com/KanjiVG/kanjivg/master/kanji/04efb.svg,9,⼈,ニン,"まか.せる, まか.す",nin,"maka.seru, maka.su","responsibility, duty, term",199,2.5,0,0,09/06/2026,"[{""word"": ""任せる"", ""kana"": ""まかせる"", ""definition"": ""to entrust (e.g. a task) to another, to leave to, to passively leave to someone else's facilities"", ""level"": ""N3""}]"
6180cd64-e490-4c2a-8e73-89c54139dfb7,茨,N3,44,Grade 4,1,9,https://raw.githubusercontent.com/KanjiVG/kanjivg/master/kanji/08328.svg,140,⾋,"シ, ジ","いばら, かや, くさぶき","shi, ji","ibara, kaya, kusabuki","briar, thorn, épine",675,2.5,0,0,09/06/2026,[]
b8053e9d-e1d4-41c7-bd7b-71bf5af6560b,易,N3,78,Grade 5,0,8,https://raw.githubusercontent.com/KanjiVG/kanjivg/master/kanji/06613.svg,72,⽇,"エキ, イ","やさ.しい, やす.い","eki, i","yasa.shii, yasu.i","easy, ready to, simple",768,2.5,0,0,09/06/2026,"[{""word"": ""容易"", ""kana"": ""ようい"", ""definition"": ""easy, simple, plain"", ""level"": ""N3""}, {""word"": ""貿易"", ""kana"": ""ぼうえき"", ""definition"": ""trade (foreign)"", ""level"": ""N4""}, {""word"": ""易しい"", ""kana"": ""やさしい"", ""definition"": ""easy, plain, simple"", ""level"": ""N5""}]"
0246dd8a-c100-4a16-9905-831d313c3094,好,N3,600,Grade 4,0,6,https://raw.githubusercontent.com/KanjiVG/kanjivg/master/kanji/0597d.svg,38,⼥,コウ,"この.む, す.く, よ.い, い.い",kou,"kono.mu, su.ku, yo.i, i.i","fond, pleasing, like something",677,2.5,0,0,09/06/2026,"[{""word"": ""好み"", ""kana"": ""このみ"", ""definition"": ""liking, taste, choice"", ""level"": ""N3""}, {""word"": ""大好き"", ""kana"": ""だいすき"", ""definition"": ""loveable, very likeable, like very much"", ""level"": ""N5""}]"
c8013926-3941-4ecb-a620-7349e9e82a98,埼,N3,716,Grade 4,1,11,https://raw.githubusercontent.com/KanjiVG/kanjivg/master/kanji/057fc.svg,32,⼟,キ,"さき, さい, みさき",ki,"saki, sai, misaki","cape, spit, promontory",525,2.5,0,0,09/06/2026,[]
c0e1f10b-1c9d-47bb-bbc8-0e584966e642,能,N3,1600,Grade 5,0,10,https://raw.githubusercontent.com/KanjiVG/kanjivg/master/kanji/080fd.svg,130,⾁,ノウ,"よ.く, あた.う",nou,"yo.ku, ata.u","ability, talent, skill",208,2.5,0,0,09/06/2026,"[{""word"": ""可能"", ""kana"": ""かのう"", ""definition"": ""possible, potential, practicable"", ""level"": ""N3""}]"
44cf6939-96a3-4910-8529-5acda5a73b3f,所,N3,945,Grade 3,0,8,https://raw.githubusercontent.com/KanjiVG/kanjivg/master/kanji/06240.svg,63,⼾,ショ,"ところ, -ところ, どころ, とこ",sho,"tokoro, -tokoro, dokoro, toko","place, extent, lieu",89,2.5,0,0,09/06/2026,"[{""word"": ""停留所"", ""kana"": ""ていりゅうじょ"", ""definition"": ""stop (bus, tram, etc.), station, stopping place"", ""level"": ""N3""}, {""word"": ""事務所"", ""kana"": ""じむしょ"", ""definition"": ""office"", ""level"": ""N4""}, {""word"": ""台所"", ""kana"": ""だいどころ"", ""definition"": ""kitchen, financial situation"", ""level"": ""N5""}]"
c638c5c2-de40-4cbf-bd22-ef231043c832,阪,N3,1664,Grade 4,1,7,https://raw.githubusercontent.com/KanjiVG/kanjivg/master/kanji/0962a.svg,170,⾩,ハン,さか,han,saka,"heights, slope, coteaux",135,2.5,0,0,09/06/2026,[]
420a21d8-defe-4ea5-b1cd-1c8da275980f,求,N3,369,Grade 4,0,7,https://raw.githubusercontent.com/KanjiVG/kanjivg/master/kanji/06c42.svg,85,⽔,"キュウ, グ",もと.める,"kyuu, gu",moto.meru,"request, want, wish for",332,2.5,0,0,09/06/2026,"[{""word"": ""求める"", ""kana"": ""もとめる"", ""definition"": ""to want, to wish for, to request"", ""level"": ""N3""}]"
2ad8e2cc-3102-4b32-8bfc-a59252d7d952,期,N3,328,Grade 3,0,12,https://raw.githubusercontent.com/KanjiVG/kanjivg/master/kanji/0671f.svg,74,⽉,"キ, ゴ",,"ki, go",,"period, time, date",163,2.5,0,0,09/06/2026,"[{""word"": ""予期"", ""kana"": ""よき"", ""definition"": ""expectation, assume will happen, forecast"", ""level"": ""N3""}]"
1238ac66-bd5e-4162-be4b-8284553010d4,無,N3,1922,Grade 4,0,12,https://raw.githubusercontent.com/KanjiVG/kanjivg/master/kanji/07121.svg,86,⽕,"ム, ブ",な.い,"mu, bu",na.i,"nothingness, none, ain't",224,2.5,0,0,09/06/2026,"[{""word"": ""無"", ""kana"": ""む"", ""definition"": ""nothing, naught, nought"", ""level"": ""N3""}, {""word"": ""無くなる"", ""kana"": ""なくなる"", ""definition"": ""to be lost (e.g. luggage), to be missing, to be used up"", ""level"": ""N4""}, {""word"": ""無くす"", ""kana"": ""なくす"", ""definition"": ""to lose (something), to mislay, to get rid of"", ""level"": ""N5""}]"
3c317c3a-3c43-415f-b91a-f8bca17ae0bf,向,N3,598,Grade 3,0,6,https://raw.githubusercontent.com/KanjiVG/kanjivg/master/kanji/05411.svg,30,⼝,コウ,"む.く, む.い, -む.き, む.ける, -む.け, む.かう, む.かい, む.こう, む.こう-, むこ, むか.い",kou,"mu.ku, mu.i, -mu.ki, mu.keru, -mu.ke, mu.kau, mu.kai, mu.kou, mu.kou-, muko, muka.i","yonder, facing, beyond",269,2.5,0,0,09/06/2026,"[{""word"": ""傾向"", ""kana"": ""けいこう"", ""definition"": ""tendency, trend, inclination"", ""level"": ""N3""}, {""word"": ""向かう"", ""kana"": ""むかう"", ""definition"": ""to face, to go towards, to head towards"", ""level"": ""N4""}, {""word"": ""向こう"", ""kana"": ""むこう"", ""definition"": ""opposite side, other side, opposite direction"", ""level"": ""N5""}]"
9410fb57-1da4-4e00-9799-4c204b031bc2,雪,N3,1160,Grade 2,0,11,https://raw.githubusercontent.com/KanjiVG/kanjivg/master/kanji/096ea.svg,173,⾬,セツ,ゆき,setsu,yuki,"snow, neige, nieve",558,2.5,0,0,09/06/2026,"[{""word"": ""雪"", ""kana"": ""ゆき"", ""definition"": ""snow, snowfall"", ""level"": ""N5""}]"
8541aead-f6b8-415e-8c25-7263650cca58,盗,N3,1516,High School,0,11,https://raw.githubusercontent.com/KanjiVG/kanjivg/master/kanji/076d7.svg,108,⽫,トウ,"ぬす.む, ぬす.み",tou,"nusu.mu, nusu.mi","steal, rob, pilfer",596,2.5,0,0,09/06/2026,"[{""word"": ""強盗"", ""kana"": ""ごうとう"", ""definition"": ""robber, mugger, robbery"", ""level"": ""N3""}, {""word"": ""盗む"", ""kana"": ""ぬすむ"", ""definition"": ""to steal"", ""level"": ""N4""}]"
0a199c65-67b2-42c8-950e-119ffc5f0998,欲,N3,2016,Grade 6,0,11,https://raw.githubusercontent.com/KanjiVG/kanjivg/master/kanji/06b32.svg,76,⽋,ヨク,"ほっ.する, ほ.しい",yoku,"hotsu.suru, ho.shii","longing, covetousness, greed",770,2.5,0,0,09/06/2026,"[{""word"": ""食欲"", ""kana"": ""しょくよく"", ""definition"": ""appetite (for food)"", ""level"": ""N3""}, {""word"": ""欲しい"", ""kana"": ""ほしい"", ""definition"": ""wanted, wished for, in need of"", ""level"": ""N5""}]"
b064f86e-b3ac-4ec9-a873-9581ce1c9d18,猫,N3,1728,High School,0,11,https://raw.githubusercontent.com/KanjiVG/kanjivg/master/kanji/0732b.svg,94,⽝,ビョウ,ねこ,byou,neko,"cat, chat, gato",796,2.5,0,0,09/06/2026,"[{""word"": ""猫"", ""kana"": ""ねこ"", ""definition"": ""cat (esp. the domestic cat, Felis catus), shamisen, geisha"", ""level"": ""N5""}]"
b55e917e-d3eb-48ab-8fba-5d4ef4251a22,違,N3,34,High School,0,13,https://raw.githubusercontent.com/KanjiVG/kanjivg/master/kanji/09055.svg,162,⾡,イ,"ちが.う, ちが.い, ちが.える, -ちが.える, たが.う, たが.える",i,"chiga.u, chiga.i, chiga.eru, -chiga.eru, taga.u, taga.eru","difference, differ, différence",333,2.5,0,0,09/06/2026,"[{""word"": ""違い"", ""kana"": ""ちがい"", ""definition"": ""difference, distinction, discrepancy"", ""level"": ""N3""}, {""word"": ""間違える"", ""kana"": ""まちがえる"", ""definition"": ""to make a mistake (in), to commit an error (e.g. in calculation), to confuse"", ""level"": ""N4""}, {""word"": ""違う"", ""kana"": ""ちがう"", ""definition"": ""to differ (from), to vary, to not be in the usual condition"", ""level"": ""N5""}]"
c2b71bbc-b533-413e-85bb-913dc938be13,神,N3,1051,Grade 3,1,9,https://raw.githubusercontent.com/KanjiVG/kanjivg/master/kanji/0795e.svg,113,⽰,"シン, ジン","かみ, かん-, こう-","shin, jin","kami, kan-, kou-","gods, mind, soul",198,2.5,0,0,09/06/2026,"[{""word"": ""神"", ""kana"": ""かみ"", ""definition"": ""god, deity, divinity"", ""level"": ""N3""}, {""word"": ""神社"", ""kana"": ""じんじゃ"", ""definition"": ""Shinto shrine"", ""level"": ""N4""}]"
dea60145-0a5f-4763-a1a4-ec1e39c29064,件,N3,515,Grade 5,0,6,https://raw.githubusercontent.com/KanjiVG/kanjivg/master/kanji/04ef6.svg,9,⼈,ケン,くだん,ken,kudan,"affair, case, matter",146,2.5,0,0,09/06/2026,"[{""word"": ""事件"", ""kana"": ""じけん"", ""definition"": ""event, affair, incident"", ""level"": ""N3""}]"
689d57ec-b463-492b-a9d1-451b3d32a048,君,N3,462,Grade 3,0,7,https://raw.githubusercontent.com/KanjiVG/kanjivg/master/kanji/0541b.svg,30,⼝,クン,"きみ, -ぎみ",kun,"kimi, -gimi","mister, you, ruler",674,2.5,0,0,09/06/2026,"[{""word"": ""君"", ""kana"": ""きみ"", ""definition"": ""you, buddy, pal"", ""level"": ""N4""}]"
0f90cb20-f12d-4fff-91a4-43f1fd06c8ab,式,N3,826,Grade 3,0,6,https://raw.githubusercontent.com/KanjiVG/kanjivg/master/kanji/05f0f.svg,56,⼷,シキ,,shiki,,"style, ceremony, rite",171,2.5,0,0,09/06/2026,"[{""word"": ""式"", ""kana"": ""しき"", ""definition"": ""equation, formula, expression"", ""level"": ""N3""}]"
ff8ab05d-0290-4785-ad87-86585e95297b,情,N3,1019,Grade 5,0,11,https://raw.githubusercontent.com/KanjiVG/kanjivg/master/kanji/060c5.svg,61,⼼,"ジョウ, セイ",なさ.け,"jou, sei",nasa.ke,"feelings, emotion, passion",66,2.5,0,0,09/06/2026,"[{""word"": ""事情"", ""kana"": ""じじょう"", ""definition"": ""circumstances, conditions, situation"", ""level"": ""N3""}]"
e40c657c-9426-4081-b095-879f71f4b372,招,N3,968,Grade 5,0,8,https://raw.githubusercontent.com/KanjiVG/kanjivg/master/kanji/062db.svg,64,⼿,ショウ,まね.く,shou,mane.ku,"beckon, invite, summon",670,2.5,0,0,09/06/2026,"[{""word"": ""招く"", ""kana"": ""まねく"", ""definition"": ""to invite, to ask, to beckon"", ""level"": ""N3""}]"
8d91d6cc-ea2e-45bb-96f4-351f1eecce51,命,N3,1927,Grade 3,0,8,https://raw.githubusercontent.com/KanjiVG/kanjivg/master/kanji/0547d.svg,30,⼝,"メイ, ミョウ",いのち,"mei, myou",inochi,"fate, command, decree",358,2.5,0,0,09/06/2026,"[{""word"": ""命"", ""kana"": ""いのち"", ""definition"": ""life, life force, lifetime"", ""level"": ""N3""}, {""word"": ""一生懸命"", ""kana"": ""いっしょうけんめい"", ""definition"": ""very hard, with utmost effort, with all one's might"", ""level"": ""N4""}]"
20f8982e-0578-46d5-a6b7-4cf258ce2504,適,N3,1464,Grade 5,0,14,https://raw.githubusercontent.com/KanjiVG/kanjivg/master/kanji/09069.svg,162,⾡,テキ,かな.う,teki,kana.u,"suitable, occasional, rare",595,2.5,0,0,09/06/2026,"[{""word"": ""快適"", ""kana"": ""かいてき"", ""definition"": ""pleasant, agreeable, comfortable"", ""level"": ""N3""}, {""word"": ""適当"", ""kana"": ""てきとう"", ""definition"": ""suitable, proper, appropriate"", ""level"": ""N4""}]"
48514792-4268-4015-a965-d14e89abbd8f,忘,N3,1857,Grade 6,0,7,https://raw.githubusercontent.com/KanjiVG/kanjivg/master/kanji/05fd8.svg,61,⼼,ボウ,わす.れる,bou,wasu.reru,"forget, oublier, olvidar",800,2.5,0,0,09/06/2026,"[{""word"": ""忘れ物"", ""kana"": ""わすれもの"", ""definition"": ""lost article, something forgotten"", ""level"": ""N4""}, {""word"": ""忘れる"", ""kana"": ""わすれる"", ""definition"": ""to forget, to leave carelessly, to be forgetful of"", ""level"": ""N5""}]"
dbdeb97c-46e4-4408-9108-a79a3d92c11c,争,N3,1220,Grade 4,0,6,https://raw.githubusercontent.com/KanjiVG/kanjivg/master/kanji/04e89.svg,6,⼅,ソウ,"あらそ.う, いか.でか",sou,"araso.u, ika.deka","contend, dispute, argue",506,2.5,0,0,09/06/2026,"[{""word"": ""論争"", ""kana"": ""ろんそう"", ""definition"": ""dispute, controversy"", ""level"": ""N3""}, {""word"": ""戦争"", ""kana"": ""せんそう"", ""definition"": ""war, fighting, fierce competition"", ""level"": ""N4""}]"
28d7a868-1b3c-443f-8e65-ba5c0d3ab895,閉,N3,1795,Grade 6,0,11,https://raw.githubusercontent.com/KanjiVG/kanjivg/master/kanji/09589.svg,169,⾨,ヘイ,"と.じる, と.ざす, し.める, し.まる, た.てる",hei,"to.jiru, to.zasu, shi.meru, shi.maru, ta.teru","closed, shut, fermer",583,2.5,0,0,09/06/2026,"[{""word"": ""閉じる"", ""kana"": ""とじる"", ""definition"": ""to close (e.g. book, eyes, meeting, etc.), to shut"", ""level"": ""N3""}, {""word"": ""閉まる"", ""kana"": ""しまる"", ""definition"": ""to be shut, to close, to be closed"", ""level"": ""N5""}]"
54ea7f94-97ea-4ae0-80a3-d11cc318852a,恥,N3,1359,High School,0,10,https://raw.githubusercontent.com/KanjiVG/kanjivg/master/kanji/06065.svg,61,⼼,チ,"は.じる, はじ, は.じらう, は.ずかしい",chi,"ha.jiru, haji, ha.jirau, ha.zukashii","shame, dishonor, honte",822,2.5,0,0,09/06/2026,"[{""word"": ""恥ずかしい"", ""kana"": ""はずかしい"", ""definition"": ""embarrassing, embarrassed, ashamed"", ""level"": ""N4""}]"
ef0b69c7-7756-40aa-a553-d5d45ecb66a3,戻,N3,2091,High School,0,7,https://raw.githubusercontent.com/KanjiVG/kanjivg/master/kanji/0623b.svg,63,⼾,レイ,"もど.す, もど.る",rei,"modo.su, modo.ru","re-, return, revert",650,2.5,0,0,09/06/2026,"[{""word"": ""戻す"", ""kana"": ""もどす"", ""definition"": ""to put back, to return, to give back"", ""level"": ""N3""}, {""word"": ""戻る"", ""kana"": ""もどる"", ""definition"": ""to turn back (e.g. half-way), to return, to go back"", ""level"": ""N4""}]"
3644248a-ada6-4e68-a82d-7e7d88de28bd,報,N3,1846,Grade 5,0,12,https://raw.githubusercontent.com/KanjiVG/kanjivg/master/kanji/05831.svg,32,⼟,ホウ,むく.いる,hou,muku.iru,"report, news, reward",17,2.5,0,0,09/06/2026,"[{""word"": ""予報"", ""kana"": ""よほう"", ""definition"": ""forecast, prediction"", ""level"": ""N3""}, {""word"": ""天気予報"", ""kana"": ""てんきよほう"", ""definition"": ""weather forecast, weather report"", ""level"": ""N4""}]"
b0314939-dbcc-495a-913f-efa7207dab0a,乗,N3,1014,Grade 3,0,9,https://raw.githubusercontent.com/KanjiVG/kanjivg/master/kanji/04e57.svg,4,⼃,"ジョウ, ショウ","の.る, -の.り, の.せる","jou, shou","no.ru, -no.ri, no.seru","ride, power, multiplication",241,2.5,0,0,09/06/2026,"[{""word"": ""乗せる"", ""kana"": ""のせる"", ""definition"": ""to place on (something), to give (someone) a ride, to give a lift"", ""level"": ""N3""}, {""word"": ""乗り換える"", ""kana"": ""のりかえる"", ""definition"": ""to transfer (trains), to change (bus, train), to change (to another ideology, party, company, etc.)"", ""level"": ""N4""}, {""word"": ""乗る"", ""kana"": ""のる"", ""definition"": ""to get on (train, plane, bus, ship, etc.), to get in, to board"", ""level"": ""N5""}]"
8e011786-e3ec-448f-b7d2-3f7ece36fecf,倒,N3,1507,High School,0,10,https://raw.githubusercontent.com/KanjiVG/kanjivg/master/kanji/05012.svg,9,⼈,トウ,"たお.れる, -だお.れ, たお.す, さかさま, さかさ, さかしま",tou,"tao.reru, -dao.re, tao.su, sakasama, sakasa, sakashima","overthrow, fall, collapse",530,2.5,0,0,09/06/2026,"[{""word"": ""倒す"", ""kana"": ""たおす"", ""definition"": ""to throw down, to bring down, to blow down"", ""level"": ""N3""}, {""word"": ""倒れる"", ""kana"": ""たおれる"", ""definition"": ""to fall (over, down), to collapse, to take a fall"", ""level"": ""N4""}]"
3012caac-d0c3-4032-80b4-454044604531,小,N5,959,Grade 1,0,3,https://raw.githubusercontent.com/KanjiVG/kanjivg/master/kanji/05c0f.svg,42,⼩,ショウ,"ちい.さい, こ-, お-, さ-",shou,"chii.sai, ko-, o-, sa-","little, small, petit",145,2.5,0,0,09/06/2026,"[{""word"": ""小さい"", ""kana"": ""ちいさい"", ""definition"": ""small, little, tiny"", ""level"": ""N5""}]"
2a9ab09f-ac32-4f0a-915f-c962b2b61baf,万,N5,1906,Grade 2,0,3,https://raw.githubusercontent.com/KanjiVG/kanjivg/master/kanji/04e07.svg,1,⼀,"マン, バン",よろず,"man, ban",yorozu,"ten thousand, 10,000, myriade",124,2.5,0,0,09/06/2026,"[{""word"": ""万年筆"", ""kana"": ""まんねんひつ"", ""definition"": ""fountain pen"", ""level"": ""N5""}]"
a452c526-bf88-4ea7-b9d4-032225652ec8,火,N5,133,Grade 1,0,4,https://raw.githubusercontent.com/KanjiVG/kanjivg/master/kanji/0706b.svg,86,⽕,カ,"ひ, -び, ほ-",ka,"hi, -bi, ho-","fire, feu, fuego",192,2.5,0,0,09/06/2026,"[{""word"": ""火曜日"", ""kana"": ""かようび"", ""definition"": ""Tuesday"", ""level"": ""N5""}]"
bea41b1a-8fb0-4736-9253-1c2c6aab2bfc,名,N5,1926,Grade 1,0,6,https://raw.githubusercontent.com/KanjiVG/kanjivg/master/kanji/0540d.svg,30,⼝,"メイ, ミョウ","な, -な","mei, myou","na, -na","name, noted, distinguished",100,2.5,0,0,09/06/2026,"[{""word"": ""名前"", ""kana"": ""なまえ"", ""definition"": ""name, given name, first name"", ""level"": ""N5""}]"
c55586cc-b097-4321-b19c-70283a63ebe5,本,N5,1886,Grade 1,1,5,https://raw.githubusercontent.com/KanjiVG/kanjivg/master/kanji/0672c.svg,75,⽊,ホン,もと,hon,moto,"book, present, main",6,2.5,0,0,09/06/2026,"[{""word"": ""本"", ""kana"": ""もと"", ""definition"": ""origin, source, base"", ""level"": ""N5""}]"
c1bf0204-c986-4085-8b11-671c295ce192,天,N5,1472,Grade 1,0,4,https://raw.githubusercontent.com/KanjiVG/kanjivg/master/kanji/05929.svg,37,⼤,テン,"あまつ, あめ, あま-",ten,"amatsu, ame, ama-","heavens, sky, imperial",305,2.5,0,0,09/06/2026,"[{""word"": ""天気"", ""kana"": ""てんき"", ""definition"": ""weather, the elements, fair weather"", ""level"": ""N5""}]"
85370575-a04f-4b61-9b02-11dd1260c34a,来,N5,2022,Grade 2,0,7,https://raw.githubusercontent.com/KanjiVG/kanjivg/master/kanji/06765.svg,75,⽊,"ライ, タイ","く.る, きた.る, きた.す, き.たす, き.たる, き, こ","rai, tai","ku.ru, kita.ru, kita.su, ki.tasu, ki.taru, ki, ko","come, due, next",184,2.5,0,0,09/06/2026,"[{""word"": ""さ来年"", ""kana"": ""さらいねん"", ""definition"": ""year after next"", ""level"": ""N5""}]"
a4184b81-98c7-4baa-86d2-2efc6f25947d,日,N5,1583,Grade 1,0,4,https://raw.githubusercontent.com/KanjiVG/kanjivg/master/kanji/065e5.svg,72,⽇,"ニチ, ジツ","ひ, -び, -か","nichi, jitsu","hi, -bi, -ka","day, sun, Japan",1,2.5,0,0,09/06/2026,"[{""word"": ""三日"", ""kana"": ""みっか"", ""definition"": ""third day of the month, three days"", ""level"": ""N5""}]"
f83c2723-6754-4250-8b4c-e2268f46b228,白,N5,1630,Grade 1,0,5,https://raw.githubusercontent.com/KanjiVG/kanjivg/master/kanji/0767d.svg,106,⽩,"ハク, ビャク","しろ, しら-, しろ.い","haku, byaku","shiro, shira-, shiro.i","white, blanc, blanco",504,2.5,0,0,09/06/2026,"[{""word"": ""白"", ""kana"": ""しろ"", ""definition"": ""white, innocence, innocent person"", ""level"": ""N5""}]"
f2faf44d-96f7-467c-87a6-e8846f5ea48e,外,N5,197,Grade 2,0,5,https://raw.githubusercontent.com/KanjiVG/kanjivg/master/kanji/05916.svg,36,⼣,"ガイ, ゲ","そと, ほか, はず.す, はず.れる, と-","gai, ge","soto, hoka, hazu.su, hazu.reru, to-","outside, extérieur, fuera",149,2.5,0,0,09/06/2026,"[{""word"": ""外国"", ""kana"": ""がいこく"", ""definition"": ""foreign country"", ""level"": ""N5""}]"
fd46bc7f-c060-4b81-ba69-74b4b431bba5,長,N5,1397,Grade 2,1,8,https://raw.githubusercontent.com/KanjiVG/kanjivg/master/kanji/09577.svg,168,⾧,チョウ,"なが.い, おさ",chou,"naga.i, osa","long, leader, superior",33,2.5,0,0,09/06/2026,"[{""word"": ""長い"", ""kana"": ""ながい"", ""definition"": ""long (distance, length), long (time), protracted"", ""level"": ""N5""}]"
e9b8fe78-638b-45cb-8309-f65ed6e6513a,見,N5,516,Grade 1,0,7,https://raw.githubusercontent.com/KanjiVG/kanjivg/master/kanji/0898b.svg,147,⾒,ケン,"み.る, み.える, み.せる",ken,"mi.ru, mi.eru, mi.seru","see, hopes, chances",47,2.5,0,0,09/06/2026,"[{""word"": ""見せる"", ""kana"": ""みせる"", ""definition"": ""to show, to display"", ""level"": ""N5""}]"
07d02869-e97f-4f8b-ad0e-7d1482ef029f,書,N5,946,Grade 2,0,10,https://raw.githubusercontent.com/KanjiVG/kanjivg/master/kanji/066f8.svg,73,⽈,ショ,"か.く, -が.き, -がき",sho,"ka.ku, -ga.ki, -gaki","write, écrire, escritura",276,2.5,0,0,09/06/2026,"[{""word"": ""図書館"", ""kana"": ""としょかん"", ""definition"": ""library"", ""level"": ""N5""}]"
d21f394a-ada0-4849-a904-dac960c76acd,二,N5,1577,Grade 1,0,2,https://raw.githubusercontent.com/KanjiVG/kanjivg/master/kanji/04e8c.svg,7,⼆,"ニ, ジ","ふた, ふた.つ, ふたたび","ni, ji","futa, futa.tsu, futatabi","two, two radical (no. 7), deux",391,2.5,0,0,09/06/2026,"[{""word"": ""二"", ""kana"": ""に"", ""definition"": ""two"", ""level"": ""N5""}]"
94619529-d4c6-4e63-b1a1-115d3f39eef0,男,N5,1348,Grade 1,0,7,https://raw.githubusercontent.com/KanjiVG/kanjivg/master/kanji/07537.svg,102,⽥,"ダン, ナン","おとこ, お","dan, nan","otoko, o","male, homme, mâle",121,2.5,0,0,09/06/2026,"[{""word"": ""男"", ""kana"": ""おとこ"", ""definition"": ""man, male, fellow"", ""level"": ""N5""}]"
1def0329-688a-45d4-9097-3cfd74ca3ef0,出,N5,926,Grade 1,0,5,https://raw.githubusercontent.com/KanjiVG/kanjivg/master/kanji/051fa.svg,17,⼐,"シュツ, スイ","で.る, -で, だ.す, -だ.す, い.でる, い.だす","shutsu, sui","de.ru, -de, da.su, -da.su, i.deru, i.dasu","exit, leave, go out",12,2.5,0,0,09/06/2026,"[{""word"": ""出かける"", ""kana"": ""でかける"", ""definition"": ""to go out (e.g. on an excursion or outing), to leave, to depart"", ""level"": ""N5""}]"
3bab5b7d-d503-4dc5-aa2c-0b9a8cd55271,車,N5,843,Grade 1,0,7,https://raw.githubusercontent.com/KanjiVG/kanjivg/master/kanji/08eca.svg,159,⾞,シャ,くるま,sha,kuruma,"car, véhicule, voiture",126,2.5,0,0,09/06/2026,"[{""word"": ""自動車"", ""kana"": ""じどうしゃ"", ""definition"": ""car, automobile, motorcar"", ""level"": ""N5""}]"
d78b2d83-36ab-4c85-aa54-c82a15a3d426,後,N5,580,Grade 2,0,9,https://raw.githubusercontent.com/KanjiVG/kanjivg/master/kanji/05f8c.svg,60,⼻,"ゴ, コウ","のち, うし.ろ, うしろ, あと, おく.れる","go, kou","nochi, ushi.ro, ushiro, ato, oku.reru","behind, back, later",23,2.5,0,0,09/06/2026,"[{""word"": ""午後"", ""kana"": ""ごご"", ""definition"": ""afternoon, p.m."", ""level"": ""N5""}]"
c464ef21-fd4a-45c5-a935-80161dcf6872,東,N5,1504,Grade 2,1,8,https://raw.githubusercontent.com/KanjiVG/kanjivg/master/kanji/06771.svg,75,⽊,トウ,ひがし,tou,higashi,"east, Est, Este",25,2.5,0,0,09/06/2026,[]
555e28b8-58a8-4b19-bbde-77ff9ba459af,土,N5,1493,Grade 1,0,3,https://raw.githubusercontent.com/KanjiVG/kanjivg/master/kanji/0571f.svg,32,⼟,"ド, ト",つち,"do, to",tsuchi,"soil, earth, ground",389,2.5,0,0,09/06/2026,"[{""word"": ""土曜日"", ""kana"": ""どようび"", ""definition"": ""Saturday"", ""level"": ""N5""}]"
67e430fe-605a-49e4-b750-1d73a5cf8204,中,N5,1376,Grade 1,0,4,https://raw.githubusercontent.com/KanjiVG/kanjivg/master/kanji/04e2d.svg,2,⼁,チュウ,"なか, うち, あた.る",chuu,"naka, uchi, ata.ru","in, inside, middle",16,2.5,0,0,09/06/2026,[]
be2d9fdf-0af2-49f1-bf8c-63b3fa15b058,父,N5,1738,Grade 2,0,4,https://raw.githubusercontent.com/KanjiVG/kanjivg/master/kanji/07236.svg,88,⽗,フ,ちち,fu,chichi,"father, père, padre",601,2.5,0,0,09/06/2026,"[{""word"": ""お父さん"", ""kana"": ""おとうさん"", ""definition"": ""father, dad, papa"", ""level"": ""N5""}]"
6f1223bf-48b4-4043-92eb-e44c3c664a2d,休,N5,365,Grade 1,0,6,https://raw.githubusercontent.com/KanjiVG/kanjivg/master/kanji/04f11.svg,9,⼈,キュウ,"やす.む, やす.まる, やす.める",kyuu,"yasu.mu, yasu.maru, yasu.meru","rest, day off, retire",475,2.5,0,0,09/06/2026,"[{""word"": ""休み"", ""kana"": ""やすみ"", ""definition"": ""rest, recess, respite"", ""level"": ""N5""}]"
f143c791-e88a-4ae2-b58e-aaefdd05374b,山,N5,745,Grade 1,1,3,https://raw.githubusercontent.com/KanjiVG/kanjivg/master/kanji/05c71.svg,46,⼭,"サン, セン",やま,"san, sen",yama,"mountain, montagne, montaña",81,2.5,0,0,09/06/2026,"[{""word"": ""山"", ""kana"": ""やま"", ""definition"": ""mountain, hill, mine (e.g. coal mine)"", ""level"": ""N5""}]"
6ec420c3-57d4-42b8-b5ef-2c0f40abeb67,聞,N5,1787,Grade 2,0,14,https://raw.githubusercontent.com/KanjiVG/kanjivg/master/kanji/0805e.svg,128,⽿,"ブン, モン","き.く, き.こえる","bun, mon","ki.ku, ki.koeru","hear, ask, listen",5,2.5,0,0,09/06/2026,"[{""word"": ""新聞"", ""kana"": ""しんぶん"", ""definition"": ""newspaper"", ""level"": ""N5""}]"
42487fe6-4def-4ffc-ac97-5ce6dc057852,五,N5,576,Grade 1,0,4,https://raw.githubusercontent.com/KanjiVG/kanjivg/master/kanji/04e94.svg,7,⼆,ゴ,"いつ, いつ.つ",go,"itsu, itsu.tsu","five, cinq, cinco",506,2.5,0,0,09/06/2026,"[{""word"": ""五"", ""kana"": ""ご"", ""definition"": ""five"", ""level"": ""N5""}]"
f87eaa33-d4d3-4bcb-90c0-3ebe548f5fcd,里,N5,2037,Grade 2,0,7,https://raw.githubusercontent.com/KanjiVG/kanjivg/master/kanji/091cc.svg,166,⾥,リ,さと,ri,sato,"ri, village, parent's home",615,2.5,0,0,09/06/2026,[]
92869011-08a9-48e5-bcf0-746396b0d7e0,今,N5,670,Grade 2,0,4,https://raw.githubusercontent.com/KanjiVG/kanjivg/master/kanji/04eca.svg,9,⼈,"コン, キン",いま,"kon, kin",ima,"now, maintenant, ahora",64,2.5,0,0,09/06/2026,"[{""word"": ""今"", ""kana"": ""いま"", ""definition"": ""now, the present time, just now"", ""level"": ""N5""}]"
aa077454-250f-48e9-8ae7-d1cbf917efd3,生,N5,1107,Grade 1,0,5,https://raw.githubusercontent.com/KanjiVG/kanjivg/master/kanji/0751f.svg,100,⽣,"セイ, ショウ","い.きる, い.かす, い.ける, う.まれる, うま.れる, う.まれ, うまれ, う.む, お.う, は.える, は.やす, き, なま, なま-, な.る, な.す, む.す, -う","sei, shou","i.kiru, i.kasu, i.keru, u.mareru, uma.reru, u.mare, umare, u.mu, o.u, ha.eru, ha.yasu, ki, nama, nama-, na.ru, na.su, mu.su, -u","life, genuine, birth",31,2.5,0,0,09/06/2026,"[{""word"": ""先生"", ""kana"": ""せんせい"", ""definition"": ""teacher, instructor, master"", ""level"": ""N5""}]"
c2e20f33-6f25-4e8d-bb8d-16dc0cffb001,母,N5,1823,Grade 2,0,5,https://raw.githubusercontent.com/KanjiVG/kanjivg/master/kanji/06bcd.svg,80,⽏,ボ,"はは, も",bo,"haha, mo","mother, maman, mère",525,2.5,0,0,09/06/2026,"[{""word"": ""お母さん"", ""kana"": ""おかあさん"", ""definition"": ""mother, mom, mum"", ""level"": ""N5""}]"
81a52a03-d3d9-4cf1-9689-52b76caf4f25,電,N5,1483,Grade 2,0,13,https://raw.githubusercontent.com/KanjiVG/kanjivg/master/kanji/096fb.svg,173,⾬,デン,,den,,"electricity, électricité, electricidad",178,2.5,0,0,09/06/2026,"[{""word"": ""電気"", ""kana"": ""でんき"", ""definition"": ""electricity, (electric) light"", ""level"": ""N5""}]"
6924b135-b5e3-4d2f-83ec-45a71a8333ce,右,N5,58,Grade 1,0,5,https://raw.githubusercontent.com/KanjiVG/kanjivg/master/kanji/053f3.svg,30,⼝,"ウ, ユウ",みぎ,"u, yuu",migi,"right, droite, derecha",689,2.5,0,0,09/06/2026,"[{""word"": ""右"", ""kana"": ""みぎ"", ""definition"": ""right, right-hand side, afore-mentioned (esp. in vertical Japanese writing)"", ""level"": ""N5""}]"
58fc0c00-7288-475c-a7ed-9a1cf8adb37d,入,N5,1584,Grade 1,0,2,https://raw.githubusercontent.com/KanjiVG/kanjivg/master/kanji/05165.svg,11,⼊,"ニュウ, ジュ","い.る, -い.る, -い.り, い.れる, -い.れ, はい.る","nyuu, ju","i.ru, -i.ru, -i.ri, i.reru, -i.re, hai.ru","enter, insert, entrer",71,2.5,0,0,09/06/2026,"[{""word"": ""入れる"", ""kana"": ""いれる"", ""definition"": ""to put in, to let in, to take in"", ""level"": ""N5""}]"
0bcce564-d69f-4fed-8174-fa378822d0b9,何,N5,137,Grade 2,0,7,https://raw.githubusercontent.com/KanjiVG/kanjivg/master/kanji/04f55.svg,9,⼈,カ,"なに, なん, なに-, なん-",ka,"nani, nan, nani-, nan-","what, quoi, qué",614,2.5,0,0,09/06/2026,[]
4800f208-64af-4c89-ba23-c16c3df2b242,人,N5,1070,Grade 1,0,2,https://raw.githubusercontent.com/KanjiVG/kanjivg/master/kanji/04eba.svg,9,⼈,"ジン, ニン","ひと, -り, -と","jin, nin","hito, -ri, -to","person, être humain, personne",7,2.5,0,0,09/06/2026,"[{""word"": ""外国人"", ""kana"": ""がいこくじん"", ""definition"": ""foreigner, foreign citizen, foreign national"", ""level"": ""N5""}]"
df8b5d8b-418d-4c3c-9618-6ac9b46f0e53,校,N5,623,Grade 1,0,10,https://raw.githubusercontent.com/KanjiVG/kanjivg/master/kanji/06821.svg,75,⽊,"コウ, キョウ",,"kou, kyou",,"exam, school, printing",156,2.5,0,0,09/06/2026,"[{""word"": ""学校"", ""kana"": ""がっこう"", ""definition"": ""school"", ""level"": ""N5""}]"
d5e7f18b-cf35-47df-826c-b7a6da1913c1,下,N5,131,Grade 1,0,3,https://raw.githubusercontent.com/KanjiVG/kanjivg/master/kanji/04e0b.svg,1,⼀,"カ, ゲ","した, しも, もと, さ.げる, さ.がる, くだ.る, くだ.り, くだ.す, -くだ.す, くだ.さる, お.ろす, お.りる","ka, ge","shita, shimo, moto, sa.geru, sa.garu, kuda.ru, kuda.ri, kuda.su, -kuda.su, kuda.saru, o.rosu, o.riru","below, down, descend",90,2.5,0,0,09/06/2026,"[{""word"": ""下手"", ""kana"": ""したて"", ""definition"": ""humble position, inferior, underarm grip on opponent's belt"", ""level"": ""N5""}]"
9c2d09bb-c120-437e-a781-77c6df67e11f,四,N5,767,Grade 1,0,5,https://raw.githubusercontent.com/KanjiVG/kanjivg/master/kanji/056db.svg,31,⼞,シ,"よ, よ.つ, よっ.つ, よん",shi,"yo, yo.tsu, yotsu.tsu, yon","four, quatre, cuatro",551,2.5,0,0,09/06/2026,"[{""word"": ""四つ"", ""kana"": ""よっつ"", ""definition"": ""four, four years of age, ten o'clock (old time system)"", ""level"": ""N5""}]"
67f31028-cc3e-4a43-931b-c06a2d0b2365,語,N5,584,Grade 2,0,14,https://raw.githubusercontent.com/KanjiVG/kanjivg/master/kanji/08a9e.svg,149,⾔,ゴ,"かた.る, かた.らう",go,"kata.ru, kata.rau","word, speech, language",251,2.5,0,0,09/06/2026,"[{""word"": ""英語"", ""kana"": ""えいご"", ""definition"": ""English (language)"", ""level"": ""N5""}]"
0660e484-f7fa-4bfc-8f49-9c037e4f101e,間,N5,270,Grade 2,0,12,https://raw.githubusercontent.com/KanjiVG/kanjivg/master/kanji/09593.svg,169,⾨,"カン, ケン","あいだ, ま, あい","kan, ken","aida, ma, ai","interval, space, intervalle",36,2.5,0,0,09/06/2026,"[{""word"": ""時間"", ""kana"": ""じかん"", ""definition"": ""time, hour, period"", ""level"": ""N5""}]"
ef56febf-350d-4fa6-b204-f82ca4fd1cc0,読,N5,1556,Grade 2,0,14,https://raw.githubusercontent.com/KanjiVG/kanjivg/master/kanji/08aad.svg,149,⾔,"ドク, トク, トウ","よ.む, -よ.み","doku, toku, tou","yo.mu, -yo.mi","read, lire, leer",57,2.5,0,0,09/06/2026,"[{""word"": ""読む"", ""kana"": ""よむ"", ""definition"": ""to read, to count, to guess"", ""level"": ""N5""}]"
690fc9d6-7a3c-45b3-b610-5f29e9f87274,友,N5,1971,Grade 2,0,4,https://raw.githubusercontent.com/KanjiVG/kanjivg/master/kanji/053cb.svg,29,⼜,ユウ,とも,yuu,tomo,"friend, ami, amigo",703,2.5,0,0,09/06/2026,"[{""word"": ""友達"", ""kana"": ""ともだち"", ""definition"": ""friend, companion"", ""level"": ""N5""}]"
f66bcb99-8e11-405a-a500-0805b1eb5c56,水,N5,1081,Grade 1,0,4,https://raw.githubusercontent.com/KanjiVG/kanjivg/master/kanji/06c34.svg,85,⽔,スイ,"みず, みず-",sui,"mizu, mizu-","water, eau, agua",219,2.5,0,0,09/06/2026,"[{""word"": ""水"", ""kana"": ""みず"", ""definition"": ""water (esp. cool, fresh water, e.g. drinking water), fluid (esp. in an animal tissue), liquid"", ""level"": ""N5""}]"
722d323b-915e-47d2-aa89-fff981cdf4d3,西,N5,1109,Grade 2,0,6,https://raw.githubusercontent.com/KanjiVG/kanjivg/master/kanji/0897f.svg,146,⾑,"セイ, サイ, ス",にし,"sei, sai, su",nishi,"west, Spain, Ouest",134,2.5,0,0,09/06/2026,"[{""word"": ""西"", ""kana"": ""にし"", ""definition"": ""west"", ""level"": ""N5""}]"
5b0a8671-5d64-4364-8ade-916e0f10b0c3,学,N5,226,Grade 1,0,8,https://raw.githubusercontent.com/KanjiVG/kanjivg/master/kanji/05b66.svg,39,⼦,ガク,まな.ぶ,gaku,mana.bu,"study, learning, science",69,2.5,0,0,09/06/2026,"[{""word"": ""大学"", ""kana"": ""だいがく"", ""definition"": ""university, college, former central university of Kyoto (established under the ritsuryo system for the training of government administrators)"", ""level"": ""N5""}]"
0e4a4002-9991-4e90-99bf-51c2a777023b,金,N5,432,Grade 1,0,8,https://raw.githubusercontent.com/KanjiVG/kanjivg/master/kanji/091d1.svg,167,⾦,"キン, コン, ゴン","かね, かな-, -がね","kin, kon, gon","kane, kana-, -gane","gold, or, oro",104,2.5,0,0,09/06/2026,"[{""word"": ""お金"", ""kana"": ""おかね"", ""definition"": ""money"", ""level"": ""N5""}]"
1769da3c-bb84-4e0a-a0fe-5e9461bec464,木,N5,1876,Grade 1,1,4,https://raw.githubusercontent.com/KanjiVG/kanjivg/master/kanji/06728.svg,75,⽊,"ボク, モク","き, こ-","boku, moku","ki, ko-","tree, wood, arbre",283,2.5,0,0,09/06/2026,"[{""word"": ""木"", ""kana"": ""き"", ""definition"": ""tree, shrub, bush"", ""level"": ""N5""}]"
1eae3c0f-109c-4e2f-887a-4d5270804a20,南,N5,1574,Grade 2,0,9,https://raw.githubusercontent.com/KanjiVG/kanjivg/master/kanji/05357.svg,24,⼗,"ナン, ナ",みなみ,"nan, na",minami,"south, sud, Sur",161,2.5,0,0,09/06/2026,[]
678a9414-0939-4588-abbf-62e64fb06560,大,N5,1312,Grade 1,1,3,https://raw.githubusercontent.com/KanjiVG/kanjivg/master/kanji/05927.svg,37,⼤,"ダイ, タイ","おお-, おお.きい, -おお.いに","dai, tai","oo-, oo.kii, -oo.ini","large, big, grand",8,2.5,0,0,09/06/2026,"[{""word"": ""大きい"", ""kana"": ""おおきい"", ""definition"": ""big, large, great"", ""level"": ""N5""}]"
0cf601af-bdff-4351-a000-88fa090de4bf,三,N5,744,Grade 1,1,3,https://raw.githubusercontent.com/KanjiVG/kanjivg/master/kanji/04e09.svg,1,⼀,"サン, ゾウ","み, み.つ, みっ.つ","san, zou","mi, mi.tsu, mitsu.tsu","three, trois, tres",232,2.5,0,0,09/06/2026,"[{""word"": ""三つ"", ""kana"": ""みっつ"", ""definition"": ""three, three years of age"", ""level"": ""N5""}]"
e6b2b652-0624-4a1f-8413-59d49a7003fa,事,N4,814,Grade 3,0,8,https://raw.githubusercontent.com/KanjiVG/kanjivg/master/kanji/04e8b.svg,6,⼅,"ジ, ズ","こと, つか.う, つか.える","ji, zu","koto, tsuka.u, tsuka.eru","matter, thing, fact",10,2.5,0,0,09/06/2026,"[{""word"": ""事務所"", ""kana"": ""じむしょ"", ""definition"": ""office"", ""level"": ""N4""}, {""word"": ""仕事"", ""kana"": ""しごと"", ""definition"": ""work, job, labor"", ""level"": ""N5""}]"
062e6a4a-d7b6-44c2-a72f-7133da70f1fa,員,N4,51,Grade 3,0,10,https://raw.githubusercontent.com/KanjiVG/kanjivg/master/kanji/054e1.svg,30,⼝,イン,,in,,"employee, member, number",56,2.5,0,0,09/06/2026,"[{""word"": ""公務員"", ""kana"": ""こうむいん"", ""definition"": ""government worker, public servant, civil servant"", ""level"": ""N4""}]"
002b32c1-2d60-4302-8125-442c4477f5f1,度,N4,1496,Grade 3,0,9,https://raw.githubusercontent.com/KanjiVG/kanjivg/master/kanji/05ea6.svg,53,⼴,"ド, ト, タク","たび, -た.い","do, to, taku","tabi, -ta.i","degrees, occurrence, time",91,2.5,0,0,09/06/2026,"[{""word"": ""一度"", ""kana"": ""いちど"", ""definition"": ""once, one time, on one occasion"", ""level"": ""N4""}, {""word"": ""もう一度"", ""kana"": ""もういちど"", ""definition"": ""once more, again"", ""level"": ""N5""}]"
712a85c7-7d24-4a74-a596-253c24881f87,会,N4,175,Grade 2,0,6,https://raw.githubusercontent.com/KanjiVG/kanjivg/master/kanji/04f1a.svg,9,⼈,"カイ, エ","あ.う, あ.わせる, あつ.まる","kai, e","a.u, a.waseru, atsu.maru","meeting, meet, party",9,2.5,0,0,09/06/2026,"[{""word"": ""会場"", ""kana"": ""かいじょう"", ""definition"": ""assembly hall, meeting place, venue"", ""level"": ""N4""}, {""word"": ""会う"", ""kana"": ""あう"", ""definition"": ""to meet, to encounter, to see"", ""level"": ""N5""}]"
c809fd3b-ac08-438d-ad2d-936dc174001d,方,N4,1829,Grade 2,0,4,https://raw.githubusercontent.com/KanjiVG/kanjivg/master/kanji/065b9.svg,70,⽅,ホウ,"かた, -かた, -がた",hou,"kata, -kata, -gata","direction, person, alternative",63,2.5,0,0,09/06/2026,"[{""word"": ""両方"", ""kana"": ""りょうほう"", ""definition"": ""both, both sides, both parties"", ""level"": ""N4""}, {""word"": ""夕方"", ""kana"": ""ゆうがた"", ""definition"": ""evening, dusk"", ""level"": ""N5""}]"
c57d16c5-9538-443c-958b-ad28f7888a35,集,N4,901,Grade 3,0,12,https://raw.githubusercontent.com/KanjiVG/kanjivg/master/kanji/096c6.svg,172,⾫,シュウ,"あつ.まる, あつ.める, つど.う",shuu,"atsu.maru, atsu.meru, tsudo.u","gather, meet, congregate",295,2.5,0,0,09/06/2026,"[{""word"": ""集める"", ""kana"": ""あつめる"", ""definition"": ""to collect, to assemble, to gather"", ""level"": ""N4""}]"
b4ab288c-9900-405d-9c76-55e09352ddc0,飯,N4,1672,Grade 4,0,12,https://raw.githubusercontent.com/KanjiVG/kanjivg/master/kanji/098ef.svg,184,⾷,ハン,めし,han,meshi,"meal, boiled rice, repas",780,2.5,0,0,09/06/2026,"[{""word"": ""夕飯"", ""kana"": ""ゆうはん"", ""definition"": ""evening meal"", ""level"": ""N5""}]"
81a1187d-9b9b-457a-aa51-acf2f0c56b53,強,N4,410,Grade 2,0,11,https://raw.githubusercontent.com/KanjiVG/kanjivg/master/kanji/05f37.svg,57,⼸,"キョウ, ゴウ","つよ.い, つよ.まる, つよ.める, し.いる, こわ.い","kyou, gou","tsuyo.i, tsuyo.maru, tsuyo.meru, shi.iru, kowa.i","strong, fort, fuerte",228,2.5,0,0,09/06/2026,"[{""word"": ""強い"", ""kana"": ""つよい"", ""definition"": ""strong, potent, competent"", ""level"": ""N5""}]"
06cddd5f-de3d-47e0-91a6-8c2d58b49bd8,安,N4,12,Grade 3,0,6,https://raw.githubusercontent.com/KanjiVG/kanjivg/master/kanji/05b89.svg,40,⼧,アン,"やす.い, やす.まる, やす, やす.らか",an,"yasu.i, yasu.maru, yasu, yasu.raka","relax, cheap, low",205,2.5,0,0,09/06/2026,"[{""word"": ""安全"", ""kana"": ""あんぜん"", ""definition"": ""safety, security"", ""level"": ""N4""}, {""word"": ""安い"", ""kana"": ""やすい"", ""definition"": ""cheap, inexpensive, calm"", ""level"": ""N5""}]"
a5329713-2864-45dd-9dec-1a774ab495a4,堂,N4,1540,Grade 5,0,11,https://raw.githubusercontent.com/KanjiVG/kanjivg/master/kanji/05802.svg,32,⼟,ドウ,,dou,,"public chamber, hall, édifice public",684,2.5,0,0,09/06/2026,"[{""word"": ""講堂"", ""kana"": ""こうどう"", ""definition"": ""auditorium, lecture hall"", ""level"": ""N4""}, {""word"": ""食堂"", ""kana"": ""しょくどう"", ""definition"": ""dining room, dining hall, cafeteria"", ""level"": ""N5""}]"
1bf98f06-829d-4e0e-8d00-9797f504d7e4,少,N4,961,Grade 2,0,4,https://raw.githubusercontent.com/KanjiVG/kanjivg/master/kanji/05c11.svg,42,⼩,ショウ,"すく.ない, すこ.し",shou,"suku.nai, suko.shi","few, little, un petit peu",280,2.5,0,0,09/06/2026,"[{""word"": ""少し"", ""kana"": ""すこし"", ""definition"": ""small quantity, little, few"", ""level"": ""N5""}]"
a12593b9-2949-4739-b1e9-cd88951bba9c,町,N4,1396,Grade 1,0,7,https://raw.githubusercontent.com/KanjiVG/kanjivg/master/kanji/0753a.svg,102,⽥,チョウ,まち,chou,machi,"town, village, block",211,2.5,0,0,09/06/2026,"[{""word"": ""町"", ""kana"": ""まち"", ""definition"": ""town, block, neighbourhood"", ""level"": ""N5""}]"
04a1d741-813d-4eb4-815e-69d96d0bf156,音,N4,127,Grade 1,0,9,https://raw.githubusercontent.com/KanjiVG/kanjivg/master/kanji/097f3.svg,180,⾳,"オン, イン, -ノン","おと, ね","on, in, -non","oto, ne","sound, noise, son",555,2.5,0,0,09/06/2026,"[{""word"": ""発音"", ""kana"": ""はつおん"", ""definition"": ""pronunciation, production of sound"", ""level"": ""N4""}, {""word"": ""音楽"", ""kana"": ""おんがく"", ""definition"": ""music"", ""level"": ""N5""}]"
66fcd2b4-79aa-4121-afa3-4ecf471bfe2c,業,N4,422,Grade 3,0,13,https://raw.githubusercontent.com/KanjiVG/kanjivg/master/kanji/0696d.svg,75,⽊,"ギョウ, ゴウ",わざ,"gyou, gou",waza,"business, vocation, arts",68,2.5,0,0,09/06/2026,"[{""word"": ""卒業"", ""kana"": ""そつぎょう"", ""definition"": ""graduation, completion (of a course), moving on (from)"", ""level"": ""N4""}, {""word"": ""授業"", ""kana"": ""じゅぎょう"", ""definition"": ""lesson, class work, teaching"", ""level"": ""N5""}]"
01ba8009-d5ae-426c-8c4e-ed37f0e07223,工,N4,588,Grade 2,0,3,https://raw.githubusercontent.com/KanjiVG/kanjivg/master/kanji/05de5.svg,48,⼯,"コウ, ク, グ",,"kou, ku, gu",,"craft, construction, katakana e radical (no. 48)",322,2.5,0,0,09/06/2026,"[{""word"": ""工業"", ""kana"": ""こうぎょう"", ""definition"": ""(manufacturing) industry"", ""level"": ""N4""}]"
16d610f4-edf6-42df-a580-1420cc6b873d,始,N4,779,Grade 3,0,8,https://raw.githubusercontent.com/KanjiVG/kanjivg/master/kanji/059cb.svg,38,⼥,シ,"はじ.める, -はじ.める, はじ.まる",shi,"haji.meru, -haji.meru, haji.maru","commence, begin, commencer",266,2.5,0,0,09/06/2026,"[{""word"": ""始める"", ""kana"": ""はじめる"", ""definition"": ""to start, to begin, to commence"", ""level"": ""N4""}, {""word"": ""始まる"", ""kana"": ""はじまる"", ""definition"": ""to begin, to start, to commence"", ""level"": ""N5""}]"
41b9653e-d419-4905-b357-2cb7544323da,知,N4,1357,Grade 2,1,8,https://raw.githubusercontent.com/KanjiVG/kanjivg/master/kanji/077e5.svg,111,⽮,チ,"し.る, し.らせる",chi,"shi.ru, shi.raseru","know, wisdom, savoir",148,2.5,0,0,09/06/2026,"[{""word"": ""知らせる"", ""kana"": ""しらせる"", ""definition"": ""to notify, to advise, to inform"", ""level"": ""N4""}, {""word"": ""知る"", ""kana"": ""しる"", ""definition"": ""to be aware of, to know, to be conscious of"", ""level"": ""N5""}]"
d57b7048-d0a0-43bf-8f21-d66f688fb840,不,N4,1736,Grade 4,0,4,https://raw.githubusercontent.com/KanjiVG/kanjivg/master/kanji/04e0d.svg,1,⼀,"フ, ブ",,"fu, bu",,"negative, non-, bad",116,2.5,0,0,09/06/2026,[]
ce7b5efc-25e5-4334-9a26-95c5f8a9e38f,題,N4,1316,Grade 3,0,18,https://raw.githubusercontent.com/KanjiVG/kanjivg/master/kanji/0984c.svg,181,⾴,ダイ,,dai,,"topic, subject, sujet",263,2.5,0,0,09/06/2026,"[{""word"": ""問題"", ""kana"": ""もんだい"", ""definition"": ""question (e.g. on a test), problem, problem (e.g. societal, political)"", ""level"": ""N5""}]"
3a42de60-feca-46d2-b97f-1bdd673f10d1,運,N4,66,Grade 3,0,12,https://raw.githubusercontent.com/KanjiVG/kanjivg/master/kanji/0904b.svg,162,⾡,ウン,はこ.ぶ,un,hako.bu,"carry, luck, destiny",144,2.5,0,0,09/06/2026,"[{""word"": ""運ぶ"", ""kana"": ""はこぶ"", ""definition"": ""to carry, to transport, to move"", ""level"": ""N4""}]"
8e6bb7e2-3ed2-4b87-89d7-62de7b78ce41,住,N4,910,Grade 3,0,7,https://raw.githubusercontent.com/KanjiVG/kanjivg/master/kanji/04f4f.svg,9,⼈,"ジュウ, ヂュウ, チュウ","す.む, す.まう, -ず.まい","juu, juu, chuu","su.mu, su.mau, -zu.mai","dwell, reside, live",272,2.5,0,0,09/06/2026,"[{""word"": ""住所"", ""kana"": ""じゅうしょ"", ""definition"": ""address (e.g. of house), residence, domicile"", ""level"": ""N4""}, {""word"": ""住む"", ""kana"": ""すむ"", ""definition"": ""to live (of humans), to reside, to inhabit"", ""level"": ""N5""}]"
4f347f27-c3ea-433e-a375-6051fe02c197,映,N4,71,Grade 6,0,9,https://raw.githubusercontent.com/KanjiVG/kanjivg/master/kanji/06620.svg,72,⽇,エイ,"うつ.る, うつ.す, は.える, -ば.え",ei,"utsu.ru, utsu.su, ha.eru, -ba.e","reflect, reflection, projection",443,2.5,0,0,09/06/2026,"[{""word"": ""映画"", ""kana"": ""えいが"", ""definition"": ""movie, film"", ""level"": ""N5""}]"
83e7f115-46bc-4853-b0df-668302064c24,屋,N4,119,Grade 3,0,9,https://raw.githubusercontent.com/KanjiVG/kanjivg/master/kanji/05c4b.svg,44,⼫,オク,や,oku,ya,"roof, house, shop",369,2.5,0,0,09/06/2026,"[{""word"": ""屋上"", ""kana"": ""おくじょう"", ""definition"": ""rooftop"", ""level"": ""N4""}, {""word"": ""八百屋"", ""kana"": ""やおや"", ""definition"": ""greengrocer, fruit and vegetable shop"", ""level"": ""N5""}]"
a8eb1519-f3c5-497e-a6eb-f557bd63f9f9,文,N4,1786,Grade 1,0,4,https://raw.githubusercontent.com/KanjiVG/kanjivg/master/kanji/06587.svg,67,⽂,"ブン, モン","ふみ, あや","bun, mon","fumi, aya","sentence, literature, style",274,2.5,0,0,09/06/2026,"[{""word"": ""文化"", ""kana"": ""ぶんか"", ""definition"": ""culture, civilization, civilisation"", ""level"": ""N4""}, {""word"": ""作文"", ""kana"": ""さくぶん"", ""definition"": ""writing (an essay, prose, etc.), composition, formal writing with little real meaning"", ""level"": ""N5""}]"
f974c08b-30e6-4f45-9549-a7037a058cf3,売,N4,1622,Grade 2,0,7,https://raw.githubusercontent.com/KanjiVG/kanjivg/master/kanji/058f2.svg,33,⼠,バイ,"う.る, う.れる",bai,"u.ru, u.reru","sell, vendre, vender",29,2.5,0,0,09/06/2026,"[{""word"": ""売り場"", ""kana"": ""うりば"", ""definition"": ""selling area, counter, section"", ""level"": ""N4""}, {""word"": ""売る"", ""kana"": ""うる"", ""definition"": ""to sell"", ""level"": ""N5""}]"
fc5aef21-352e-4381-a642-fe759bd5b5ed,服,N4,1766,Grade 3,0,8,https://raw.githubusercontent.com/KanjiVG/kanjivg/master/kanji/0670d.svg,74,⽉,フク,,fuku,,"clothing, admit, obey",644,2.5,0,0,09/06/2026,"[{""word"": ""服"", ""kana"": ""ふく"", ""definition"": ""clothes (esp. Western clothes), counter for doses of medicine, gulps of tea, drags of a cigarette, etc."", ""level"": ""N5""}]"
bd536fc8-20b3-4321-9141-7c267430919f,広,N4,594,Grade 2,1,5,https://raw.githubusercontent.com/KanjiVG/kanjivg/master/kanji/05e83.svg,53,⼴,コウ,"ひろ.い, ひろ.まる, ひろ.める, ひろ.がる, ひろ.げる",kou,"hiro.i, hiro.maru, hiro.meru, hiro.garu, hiro.geru","wide, broad, spacious",257,2.5,0,0,09/06/2026,"[{""word"": ""広い"", ""kana"": ""ひろい"", ""definition"": ""spacious, vast, wide"", ""level"": ""N5""}]"
fa5226fe-b872-47a3-a91a-2dfd0ec796c0,作,N4,723,Grade 2,0,7,https://raw.githubusercontent.com/KanjiVG/kanjivg/master/kanji/04f5c.svg,9,⼈,"サク, サ","つく.る, つく.り, -づく.り","saku, sa","tsuku.ru, tsuku.ri, -zuku.ri","make, production, prepare",166,2.5,0,0,09/06/2026,"[{""word"": ""作文"", ""kana"": ""さくぶん"", ""definition"": ""writing (an essay, prose, etc.), composition, formal writing with little real meaning"", ""level"": ""N5""}]"
eed5c9c8-869e-45c8-a968-e2c0dbcc69a3,週,N4,898,Grade 2,0,11,https://raw.githubusercontent.com/KanjiVG/kanjivg/master/kanji/09031.svg,162,⾡,シュウ,,shuu,,"week, semaine, semana",542,2.5,0,0,09/06/2026,"[{""word"": ""さ来週"", ""kana"": ""さらいしゅう"", ""definition"": ""week after next"", ""level"": ""N4""}, {""word"": ""今週"", ""kana"": ""こんしゅう"", ""definition"": ""this week"", ""level"": ""N5""}]"
25daf633-7e1d-4c73-90d2-2c22e0f3b3fe,医,N4,19,Grade 3,0,7,https://raw.githubusercontent.com/KanjiVG/kanjivg/master/kanji/0533b.svg,23,⼖,イ,"い.やす, い.する, くすし",i,"i.yasu, i.suru, kusushi","doctor, medicine, médecin",498,2.5,0,0,09/06/2026,"[{""word"": ""医学"", ""kana"": ""いがく"", ""definition"": ""medical science, medicine"", ""level"": ""N4""}, {""word"": ""医者"", ""kana"": ""いしゃ"", ""definition"": ""(medical) doctor, physician"", ""level"": ""N5""}]"
87a3767b-6ea1-49d3-ad7e-54066ab14ae8,体,N4,1295,Grade 2,0,7,https://raw.githubusercontent.com/KanjiVG/kanjivg/master/kanji/04f53.svg,9,⼈,"タイ, テイ","からだ, かたち","tai, tei","karada, katachi","body, substance, object",115,2.5,0,0,09/06/2026,"[{""word"": ""大体"", ""kana"": ""だいたい"", ""definition"": ""outline, main points, gist"", ""level"": ""N4""}]"
ad6384db-6d06-4718-bb25-c8963449718b,研,N4,520,Grade 3,0,9,https://raw.githubusercontent.com/KanjiVG/kanjivg/master/kanji/07814.svg,112,⽯,ケン,と.ぐ,ken,to.gu,"polish, study of, sharpen",425,2.5,0,0,09/06/2026,"[{""word"": ""研究"", ""kana"": ""けんきゅう"", ""definition"": ""study, research, investigation"", ""level"": ""N4""}]"
e74e6f9c-dc40-4f0b-99c2-1be5a62a1d17,青,N4,1115,Grade 1,1,8,https://raw.githubusercontent.com/KanjiVG/kanjivg/master/kanji/09752.svg,174,⾭,"セイ, ショウ","あお, あお-, あお.い","sei, shou","ao, ao-, ao.i","blue, green, bleu",452,2.5,0,0,09/06/2026,"[{""word"": ""青"", ""kana"": ""あお"", ""definition"": ""blue, azure, green"", ""level"": ""N5""}]"
518670d1-f342-415e-a877-060d6194f64a,地,N4,1355,Grade 2,0,6,https://raw.githubusercontent.com/KanjiVG/kanjivg/master/kanji/05730.svg,32,⼟,"チ, ジ",,"chi, ji",,"ground, earth, sol",24,2.5,0,0,09/06/2026,"[{""word"": ""地理"", ""kana"": ""ちり"", ""definition"": ""geography"", ""level"": ""N4""}, {""word"": ""地下鉄"", ""kana"": ""ちかてつ"", ""definition"": ""underground train, subway"", ""level"": ""N5""}]"
b9f87921-a799-4988-ad7e-861be8952ad9,究,N4,370,Grade 3,0,7,https://raw.githubusercontent.com/KanjiVG/kanjivg/master/kanji/07a76.svg,116,⽳,"キュウ, ク",きわ.める,"kyuu, ku",kiwa.meru,"research, study, recherche",447,2.5,0,0,09/06/2026,"[{""word"": ""研究"", ""kana"": ""けんきゅう"", ""definition"": ""study, research, investigation"", ""level"": ""N4""}]"
4a9eabf3-0a8a-4370-a00f-b6d85d49115e,夏,N4,146,Grade 2,0,10,https://raw.githubusercontent.com/KanjiVG/kanjivg/master/kanji/0590f.svg,35,⼢,"カ, ガ, ゲ",なつ,"ka, ga, ge",natsu,"summer, été, verano",505,2.5,0,0,09/06/2026,"[{""word"": ""夏"", ""kana"": ""なつ"", ""definition"": ""summer"", ""level"": ""N5""}]"
0fddffe6-39c7-42ec-a988-be70283f9211,重,N4,912,Grade 3,1,9,https://raw.githubusercontent.com/KanjiVG/kanjivg/master/kanji/091cd.svg,166,⾥,"ジュウ, チョウ","え, おも.い, おも.り, おも.なう, かさ.ねる, かさ.なる, おも","juu, chou","e, omo.i, omo.ri, omo.nau, kasa.neru, kasa.naru, omo","heavy, important, esteem",252,2.5,0,0,09/06/2026,"[{""word"": ""重い"", ""kana"": ""おもい"", ""definition"": ""heavy, weighty, heavy (feeling)"", ""level"": ""N5""}]"
533e8223-1f93-462a-ba17-8711d5906f35,院,N4,52,Grade 3,0,10,https://raw.githubusercontent.com/KanjiVG/kanjivg/master/kanji/09662.svg,170,⾩,イン,,in,,"Inst., institution, temple",152,2.5,0,0,09/06/2026,"[{""word"": ""病院"", ""kana"": ""びょういん"", ""definition"": ""hospital, clinic, doctor's office"", ""level"": ""N5""}]"
eebe6e8a-d466-4267-bada-c75f2fa38382,冬,N4,1499,Grade 2,0,5,https://raw.githubusercontent.com/KanjiVG/kanjivg/master/kanji/051ac.svg,15,⼎,トウ,ふゆ,tou,fuyu,"winter, hiver, invierno",706,2.5,0,0,09/06/2026,"[{""word"": ""冬"", ""kana"": ""ふゆ"", ""definition"": ""winter"", ""level"": ""N5""}]"
a27b5465-0d8e-4d98-9ce7-4ef41b48249c,洋,N4,1995,Grade 3,0,9,https://raw.githubusercontent.com/KanjiVG/kanjivg/master/kanji/06d0b.svg,85,⽔,ヨウ,,you,,"ocean, sea, foreign",428,2.5,0,0,09/06/2026,"[{""word"": ""西洋"", ""kana"": ""せいよう"", ""definition"": ""the West, the Occident, Western countries"", ""level"": ""N4""}, {""word"": ""洋服"", ""kana"": ""ようふく"", ""definition"": ""Western-style clothes (cf. traditional Japanese clothes)"", ""level"": ""N5""}]"
82998e67-1518-4eba-a4e0-806cc9b94e52,借,N4,856,Grade 4,0,10,https://raw.githubusercontent.com/KanjiVG/kanjivg/master/kanji/0501f.svg,9,⼈,シャク,か.りる,shaku,ka.riru,"borrow, rent, emprunter",744,2.5,0,0,09/06/2026,"[{""word"": ""借りる"", ""kana"": ""かりる"", ""definition"": ""to borrow, to have a loan, to rent"", ""level"": ""N5""}]"
a0f42f42-37b3-4edb-b45a-852e8999a10b,止,N4,762,Grade 2,0,4,https://raw.githubusercontent.com/KanjiVG/kanjivg/master/kanji/06b62.svg,77,⽌,シ,"と.まる, -ど.まり, と.める, -と.める, -ど.め, とど.める, とど.め, とど.まる, や.める, や.む, -や.む, よ.す, -さ.す, -さ.し",shi,"to.maru, -do.mari, to.meru, -to.meru, -do.me, todo.meru, todo.me, todo.maru, ya.meru, ya.mu, -ya.mu, yo.su, -sa.su, -sa.shi","stop, halt, arrêter",133,2.5,0,0,09/06/2026,"[{""word"": ""止む"", ""kana"": ""やむ"", ""definition"": ""to cease, to stop, to be over"", ""level"": ""N4""}]"
bd424c3d-ab91-4a9b-acd0-263c65114c91,野,N4,1954,Grade 2,1,11,https://raw.githubusercontent.com/KanjiVG/kanjivg/master/kanji/091ce.svg,166,⾥,"ヤ, ショ","の, の-","ya, sho","no, no-","plains, field, rustic",84,2.5,0,0,09/06/2026,"[{""word"": ""野菜"", ""kana"": ""やさい"", ""definition"": ""vegetable"", ""level"": ""N5""}]"
82ad363f-592e-48b3-9f61-78b8a621602f,昼,N4,1384,Grade 2,0,9,https://raw.githubusercontent.com/KanjiVG/kanjivg/master/kanji/0663c.svg,72,⽇,チュウ,ひる,chuu,hiru,"daytime, noon, journée",779,2.5,0,0,09/06/2026,"[{""word"": ""昼休み"", ""kana"": ""ひるやすみ"", ""definition"": ""lunch break, noon recess, noon rest period"", ""level"": ""N4""}, {""word"": ""昼"", ""kana"": ""ひる"", ""definition"": ""noon, midday, daytime"", ""level"": ""N5""}]"
99f6cf66-c358-4b50-a5ac-cfa3e8770140,自,N4,811,Grade 2,0,6,https://raw.githubusercontent.com/KanjiVG/kanjivg/master/kanji/081ea.svg,132,⾃,"ジ, シ","みずか.ら, おの.ずから, おの.ずと","ji, shi","mizuka.ra, ono.zukara, ono.zuto","oneself, soi-même, uno mismo",79,2.5,0,0,09/06/2026,"[{""word"": ""自由"", ""kana"": ""じゆう"", ""definition"": ""freedom, liberty"", ""level"": ""N4""}, {""word"": ""自分"", ""kana"": ""じぶん"", ""definition"": ""myself, yourself, oneself"", ""level"": ""N5""}]"
926a9579-0cf6-437b-8a3a-0552013f1bf0,銀,N4,444,Grade 3,0,14,https://raw.githubusercontent.com/KanjiVG/kanjivg/master/kanji/09280.svg,167,⾦,ギン,しろがね,gin,shirogane,"silver, argent, plata",438,2.5,0,0,09/06/2026,"[{""word"": ""銀行"", ""kana"": ""ぎんこう"", ""definition"": ""bank, banking institution"", ""level"": ""N5""}]"
576aedad-4d0a-4df9-af5a-8b7edee4430e,夜,N4,1953,Grade 2,0,8,https://raw.githubusercontent.com/KanjiVG/kanjivg/master/kanji/0591c.svg,36,⼣,ヤ,"よ, よる",ya,"yo, yoru","night, evening, nuit",501,2.5,0,0,09/06/2026,"[{""word"": ""今夜"", ""kana"": ""こんや"", ""definition"": ""this evening, tonight"", ""level"": ""N4""}, {""word"": ""昨夜"", ""kana"": ""ゆうべ"", ""definition"": ""evening, last night, yesterday evening"", ""level"": ""N5""}]"
f0178696-ed45-4057-9626-d4b634289e75,春,N4,930,Grade 2,0,9,https://raw.githubusercontent.com/KanjiVG/kanjivg/master/kanji/06625.svg,72,⽇,シュン,はる,shun,haru,"springtime, spring (season), printemps",572,2.5,0,0,09/06/2026,"[{""word"": ""春"", ""kana"": ""はる"", ""definition"": ""spring, springtime, New Year"", ""level"": ""N5""}]"
fc93f671-1e1c-4d46-adfd-e5aacd402cd3,転,N4,1478,Grade 3,0,11,https://raw.githubusercontent.com/KanjiVG/kanjivg/master/kanji/08ee2.svg,159,⾞,テン,"ころ.がる, ころ.げる, ころ.がす, ころ.ぶ, まろ.ぶ, うたた, うつ.る, くる.めく",ten,"koro.garu, koro.geru, koro.gasu, koro.bu, maro.bu, utata, utsu.ru, kuru.meku","revolve, turn around, change",216,2.5,0,0,09/06/2026,"[{""word"": ""運転手"", ""kana"": ""うんてんしゅ"", ""definition"": ""driver, chauffeur"", ""level"": ""N4""}, {""word"": ""自転車"", ""kana"": ""じてんしゃ"", ""definition"": ""bicycle, bike"", ""level"": ""N5""}]"
681d7ba5-28a3-453c-9691-bcb0281ff1ba,立,N4,2045,Grade 1,0,5,https://raw.githubusercontent.com/KanjiVG/kanjivg/master/kanji/07acb.svg,117,⽴,"リツ, リュウ, リットル","た.つ, -た.つ, た.ち-, た.てる, -た.てる, た.て-, たて-, -た.て, -だ.て, -だ.てる","ritsu, ryuu, rittoru","ta.tsu, -ta.tsu, ta.chi-, ta.teru, -ta.teru, ta.te-, tate-, -ta.te, -da.te, -da.teru","stand up, rise, set up",96,2.5,0,0,09/06/2026,"[{""word"": ""役に立つ"", ""kana"": ""やくにたつ"", ""definition"": ""to be helpful, to be useful"", ""level"": ""N4""}, {""word"": ""立つ"", ""kana"": ""たつ"", ""definition"": ""to stand, to rise, to stand up"", ""level"": ""N5""}]"
