category,cat_kana,idiom,id_kana,translation,meaning,english equivalent
四字熟語,よじじゅくご,一石二鳥,いっせきにちょう,"one stone, two birds",to accomplish two things with one action,to kill two birds with one stone
四字熟語,よじじゅくご,三日坊主,みっかぼうず,a monk for three days,"someone who gives up quickly, at the first sign of difficulty","like many Japanese idiomatic expressions, it is hard to find a direct equivalent in the English language"
四字熟語,よじじゅくご,十人十色,じゅうにんといろ,"ten people, ten colors","everyone has different tastes, personalities, or opinions","like many Japanese idiomatic expressions, it is hard to find a direct equivalent in the English language"
四字熟語,よじじゅくご,七転八起,ななころやおき,"fall seven times, stand up eight",to persist despite repeated failures,"like many Japanese idiomatic expressions, it is hard to find a direct equivalent in the English language"
言い習わし,いいならわし,月とすっぽん,つきとスッポン,the moon and the turtle,"despite the roundness of the turtle and moon, they are incomparable in every other way",to compare apples and oranges
言い習わし,いいならわし,猿も木から落ちる,さるもきからおちる,even monkeys fall from trees,even skilled experts can make a mistake,nobody’s perfect
言い習わし,いいならわし,猫に小判,ねこにこばん,gold coins to a cat,to waste things on those who are incapable of appreciating them,to cast pearl before swine
言い習わし,いいならわし,花より団子,はなよりだんご,dumplings over flowers,to favour substance over aesthetics,
慣用句,かんようく,井の中の蛙大海を知らず ,いのなかのかえるたいかいをしらず ,A frog in a well doesn’t know the vast greatness of the ocean.,people who don’t expose themselves to a variety of experiences have a narrow world view,
